Filename,Dataset,Shape_X,Shape_Y,Shape_Z,Spacing_X,Spacing_Y,Spacing_Z,Voxel_Count,Positive_Voxels,Positive_Ratio,HU_Min,HU_Max,HU_Mean,HU_STD,Mask_Labels,Affine_Determinant,Empty_Mask
BHSD_0001.nii.gz,BHSD,512,512,28,0.488281,0.488281,5.288,7340032,8774,0.0011953626360212053,-2048.0,3071.000014066696,-789.9672308828016,885.8140131745432,"0,1",-1.2607562182445764,False
BHSD_0002.nii.gz,BHSD,512,512,28,0.488281,0.488281,5.3926735,7340032,32042,0.0043653760637555805,-3024.000030517578,2189.0000140443444,-1078.2001421966631,1132.8705103598281,"0,1",-1.2857121906306972,False
BHSD_0003.nii.gz,BHSD,512,512,32,0.488281,0.488281,5.3926735,8388608,82049,0.00978100299835205,-3024.0001220703125,3072.0001206472516,-1226.225276518358,1308.259073246111,"0,1",-1.2857121906306972,False
BHSD_0004.nii.gz,BHSD,512,512,31,0.48828125,0.48828125,5.0,8126464,35069,0.004315407045425907,-1023.9999694824219,1729.99999935925,-607.2912334453163,543.9670961480349,"0,1",-1.1920928955078125,False
BHSD_0005.nii.gz,BHSD,512,512,32,0.390625,0.390625,5.0,8388608,28046,0.003343343734741211,-1024.0,2336.9999839589,-402.3985168643428,571.1835924555088,"0,1",-0.7629394531249999,False
BHSD_0006.nii.gz,BHSD,512,512,36,0.488281,0.488281,5.0270023,9437184,10277,0.0010889901055230035,-2048.0,3071.000014066696,-927.4441509727808,862.9773121873712,"0,1",-1.1985297045173102,False
BHSD_0007.nii.gz,BHSD,512,512,32,0.488281,0.488281,5.3926735,8388608,126121,0.015034794807434082,-3023.9999389648438,2518.9999529346824,-1095.9406492347982,1222.7376374032108,"0,1",-1.2857121906306972,False
BHSD_0008.nii.gz,BHSD,512,512,30,0.48828125,0.48828125,5.4731445,7864320,7318,0.0009305318196614583,-1023.9999389648438,1957.9999687895179,-569.464979981341,602.9499888543473,"0,1",-1.3048992320331376,False
BHSD_0009.nii.gz,BHSD,512,512,40,0.488281,0.488281,2.500002,10485760,629,5.9986114501953124e-05,-3023.999885559082,3070.9998841434717,-1080.180043819327,1143.49123764163,"0,1",-0.5960462838856418,False
BHSD_0010.nii.gz,BHSD,512,512,28,0.48828125,0.48828125,6.0,7340032,23789,0.0032409940447126117,-1000.0000305175781,1875.000045105815,-652.228625357456,530.7648651679256,"0,1",-1.4305114636499023,False
BHSD_0011.nii.gz,BHSD,512,512,32,0.488281,0.488281,5.2284584,8388608,2147,0.00025594234466552734,-3024.0000610351562,2214.000090330839,-1003.0519247505559,1191.8388737702387,"0,1",-1.246560283076414,False
BHSD_0012.nii.gz,BHSD,512,512,35,0.42773438,0.42773438,5.0,9175040,4940,0.0005384172712053571,-1023.9999389648438,2886.999953314662,-540.1208877835778,568.163394157491,"0,1",-0.914783477783203,False
BHSD_0013.nii.gz,BHSD,512,512,32,0.488281,0.488281,5.243,8388608,17279,0.0020598173141479492,-2048.0,3071.000014066696,-840.5466740126508,905.9713813846637,"0,1",-1.250027362421235,False
BHSD_0014.nii.gz,BHSD,512,512,28,0.488281,0.488281,5.0623245,7340032,664,9.046282087053572e-05,-3023.999885559082,3070.9998841434717,-1041.5341590449336,1181.3730800248954,"0,1",-1.2069511925335543,False
BHSD_0015.nii.gz,BHSD,512,512,32,0.48828125,0.48828125,5.4522095,8388608,92736,0.01105499267578125,-1024.0,1919.0000145733356,-584.9061177972061,563.6421098245341,"0,1",-1.2999081199570226,False
BHSD_0016.nii.gz,BHSD,512,512,36,0.48828125,0.48828125,5.0,9437184,3772,0.00039969550238715275,-1023.9999389648438,2628.9999838918447,-617.0381814426476,509.8448504035285,"0,1",-1.1920928955078125,False
BHSD_0017.nii.gz,BHSD,512,512,32,0.488281,0.488281,5.243,8388608,14190,0.001691579818725586,-2048.000030517578,2906.0000598803163,-782.6180440170432,852.2041715126917,"0,1",-1.250027362421235,False
BHSD_0018.nii.gz,BHSD,512,512,32,0.488281,0.488281,5.1760006,8388608,32651,0.0038923025131225586,-2047.999900817871,2156.999899841845,-877.9364268569366,791.9009023652033,"0,1",-1.234053372038321,False
BHSD_0019.nii.gz,BHSD,512,512,28,0.488281,0.488281,5.02,7340032,20753,0.0028273718697684152,-2048.0,3071.000014066696,-834.1326795625133,830.5518948585178,"0,1",-1.1968600800056448,False
BHSD_0020.nii.gz,BHSD,512,512,34,0.488281,0.488281,5.0,8912896,37379,0.004193810855641085,-2048.0,3071.000014066696,-828.9829699870741,841.2543661614411,"0,1",-1.1920917313548784,False
BHSD_0021.nii.gz,BHSD,512,512,38,0.4949,0.4949,5.0,9961472,15792,0.0015853078741776315,-1024.0,31650.99945834279,-608.3298419699589,539.154381352517,"0,1",-1.2246299914752967,False
BHSD_0022.nii.gz,BHSD,512,512,32,0.41210938,0.41210938,5.0,8388608,62,7.3909759521484375e-06,-1023.9999694824219,1825.9999993368983,-468.2086664747944,635.0800247086771,"0,1",-0.8491706848144531,False
BHSD_0023.nii.gz,BHSD,512,512,38,0.488281,0.488281,2.5,9961472,12001,0.0012047416285464639,-3024.0000610351562,2025.0000445991755,-1080.3641692010112,1136.31088950258,"0,1",-0.5960458656774392,False
BHSD_0024.nii.gz,BHSD,512,512,32,0.488281,0.488281,5.1530004,8388608,973,0.00011599063873291016,-2048.0,3071.000014066696,-765.7135109716082,871.7826821974778,"0,1",-1.2285698056968133,False
BHSD_0025.nii.gz,BHSD,512,512,32,0.488281,0.488281,5.3039994,8388608,17071,0.0020350217819213867,-2048.0001134872437,2065.0001144334674,-893.2510815187222,775.8926950363582,"0,1",-1.2645708303728809,False
BHSD_0026.nii.gz,BHSD,512,512,42,0.49475098,0.49475098,5.0,11010048,142648,0.012956165132068452,-1024.0,25878.999642789364,-561.4204741968899,591.1683082746108,"0,1",-1.2238926440477371,False
BHSD_0027.nii.gz,BHSD,512,512,30,0.4949,0.4949,5.0,7864320,23079,0.0029346466064453123,-1024.0001220703125,3124.0000600665808,-603.179362321207,558.4378228424478,"0,1",-1.2246299914752967,False
BHSD_0028.nii.gz,BHSD,512,512,32,0.40820312,0.40820312,5.0,8388608,122804,0.01463937759399414,-1023.9999694824219,1697.9999993667006,-468.219328433546,586.1384020762368,"0,1",-0.8331489562988281,False
BHSD_0029.nii.gz,BHSD,512,512,32,0.44335938,0.44335938,5.2148438,8388608,11116,0.0013251304626464844,-1023.9999694824219,1825.9999993368983,-510.94689180914935,601.0055435410329,"0,1",-1.025068937680868,False
BHSD_0030.nii.gz,BHSD,512,512,32,0.488281,0.488281,5.1024323,8388608,2439,0.00029075145721435547,-3023.999885559082,3070.9998841434717,-1072.328675639166,1148.7711134316164,"0,1",-1.216513336812731,False
BHSD_0031.nii.gz,BHSD,512,512,28,0.488281,0.488281,5.17638,7340032,1065,0.00014509473528180803,-3024.000030517578,2026.0000598579645,-1166.6598461381031,1296.1553811545766,"0,1",-1.2341438795946673,False
BHSD_0032.nii.gz,BHSD,512,512,32,0.48828125,0.48828125,5.272461,8388608,69586,0.008295297622680664,-1024.0,2719.000014387071,-596.7058630945206,557.2044610075918,"0,1",-1.2570527118666437,False
BHSD_0033.nii.gz,BHSD,512,512,37,0.43164062,0.43164062,5.0,9699328,1862,0.00019197206239442567,-1024.0000610351562,2921.0000448562205,-541.3983787345869,564.2504435346569,"0,1",-0.931568145751953,False
BHSD_0034.nii.gz,BHSD,512,512,34,0.4375,0.4375,5.0,8912896,1980,0.00022215001723345588,-1024.0,1743.0000146143138,-589.4739785407803,546.2018675877539,"0,1",-0.95703125,False
BHSD_0035.nii.gz,BHSD,512,512,32,0.488281,0.488281,5.043144,8388608,21951,0.0026167631149291992,-3024.0,1932.0000598803163,-1082.7439865009799,1291.6093357428767,"0,1",-1.2023780894151403,False
BHSD_0036.nii.gz,BHSD,512,512,32,0.488281,0.488281,5.3929996,8388608,202228,0.02410745620727539,-3024.0,2000.9999835714698,-1333.101139413051,1332.0701372514477,"0,1",-1.2857899433837015,False
BHSD_0037.nii.gz,BHSD,512,512,24,0.58203125,0.58203125,6.157837,6291456,1759,0.0002795855204264323,-1024.0000305175781,1805.0000145994127,-686.5504033682399,519.0362949776295,"0,1",-2.0860311078367593,False
BHSD_0038.nii.gz,BHSD,512,512,28,0.488281,0.488281,5.17638,7340032,10415,0.001418931143624442,-3024.0000915527344,2084.0000903606415,-1132.7075044517462,1258.3152555560246,"0,1",-1.2341438795946673,False
BHSD_0039.nii.gz,BHSD,512,512,32,0.48828125,0.48828125,5.5168457,8388608,52161,0.006218075752258301,-1024.0,1887.0000145807862,-608.8656814883714,557.752116112535,"0,1",-1.3153185798413947,False
BHSD_0040.nii.gz,BHSD,512,512,32,0.48828125,0.48828125,5.4731445,8388608,9109,0.0010858774185180664,-1024.0,2975.9999990686774,-498.1420990749503,593.6801069167391,"0,1",-1.3048992320331376,False
BHSD_0041.nii.gz,BHSD,512,512,30,0.494863,0.494863,5.0,7864320,627,7.97271728515625e-05,-1024.0,16652.99979752302,-565.6342961031253,573.4080071951062,"0,1",-1.2244469611273745,False
BHSD_0042.nii.gz,BHSD,512,512,36,0.488281,0.488281,2.6073723,9437184,2931,0.00031057993570963543,-3023.999885559082,3070.9998841434717,-1063.8384047106026,1150.1851987346151,"0,1",-0.6216453413227151,False
BHSD_0043.nii.gz,BHSD,512,512,40,0.488281,0.488281,2.6069984,10485760,11526,0.0010992050170898437,-3023.999885559082,3070.9998841434717,-1051.105000096168,1149.2264380216961,"0,1",-0.6215561771844303,False
BHSD_0044.nii.gz,BHSD,512,512,36,0.488281,0.488281,2.5509987,9437184,35120,0.0037214491102430555,-3023.999885559082,3070.9998841434717,-1122.4298634418656,1188.1602352275775,"0,1",-0.6082048666027781,False
BHSD_0045.nii.gz,BHSD,512,512,30,0.46875,0.46875,5.1314697,7864320,38788,0.0049321492513020836,-1024.0000305175781,1867.0000451020896,-569.4182114218295,590.1091251583209,"0,1",-1.1275201901784557,False
BHSD_0046.nii.gz,BHSD,512,512,32,0.488281,0.488281,5.392673,8388608,2376,0.00028324127197265625,-3024.0001220703125,2209.000105589628,-1038.1739834632992,1157.2633948582761,"0,1",-1.2857120639283048,False
BHSD_0047.nii.gz,BHSD,512,512,34,0.44726562,0.44726562,5.0,8912896,2814,0.0003157222972196691,-1023.9999389648438,2115.999999269843,-511.9688509064077,605.5524665020586,"0,1",-1.000232696533203,False
BHSD_0048.nii.gz,BHSD,512,512,28,0.488281,0.488281,5.3926773,7340032,36434,0.0049637385777064735,-3023.999969482422,2130.9999835416675,-1025.9638856654626,1181.6365358764774,"0,1",-1.285713056253528,False
BHSD_0049.nii.gz,BHSD,512,512,32,0.49475098,0.49475098,5.0,8388608,6670,0.0007951259613037109,-1024.0,14969.000103086233,-609.8399414488435,569.0810262337387,"0,1",-1.2238926440477371,False
BHSD_0050.nii.gz,BHSD,512,512,24,0.48828125,0.48828125,6.5181885,6291456,115,1.8278757731119793e-05,-1023.9999694824219,1748.9999535791576,-597.1893505914147,547.5542383812987,"0,1",-1.5540573151902015,False
BHSD_0051.nii.gz,BHSD,512,512,38,0.49475098,0.49475098,5.0,9961472,10926,0.0010968258506373356,-1024.0,9571.00044003129,-576.5495846957423,586.7538930333667,"0,1",-1.2238926440477371,False
BHSD_0052.nii.gz,BHSD,512,512,30,0.48828125,0.48828125,5.0,7864320,64082,0.008148447672526041,-1023.9999694824219,1796.9999535679817,-567.2320722473547,547.0011341172496,"0,1",-1.1920928955078125,False
BHSD_0053.nii.gz,BHSD,512,512,30,0.43164062,0.43164062,5.164551,7864320,20183,0.002566401163736979,-1024.0000305175781,1883.0000450983644,-543.9825117017929,557.6330890225572,"0,1",-0.9622262115570214,False
BHSD_0054.nii.gz,BHSD,512,512,34,0.494863,0.494863,5.0,8912896,27022,0.003031786750344669,-1024.0,4026.0000903755426,-579.7359402535888,541.3531080773415,"0,1",-1.2244469611273745,False
BHSD_0055.nii.gz,BHSD,512,512,46,0.49475098,0.49475098,5.0,12058624,45673,0.003787579743758492,-32968.00018310547,31008.000168204308,-567.2669846255177,558.7637513317395,"0,1",-1.2238926440477371,False
BHSD_0056.nii.gz,BHSD,512,512,32,0.49475098,0.49475098,5.0,8388608,4522,0.0005390644073486328,-1024.0,24384.000970631838,-554.5886020590228,616.9222731092816,"0,1",-1.2238926440477371,False
BHSD_0057.nii.gz,BHSD,512,512,36,0.43164062,0.43164062,5.0,9437184,3467,0.0003673765394422743,-1024.0,2975.9999990686774,-502.1039260590939,566.9789957111358,"0,1",-0.931568145751953,False
BHSD_0058.nii.gz,BHSD,512,512,30,0.40234375,0.40234375,5.043091,7864320,25618,0.003257497151692708,-1024.0000610351562,1849.000045105815,-444.2617636575716,632.6830020641268,"0,1",-0.8163780202701483,False
BHSD_0059.nii.gz,BHSD,512,512,32,0.48828125,0.48828125,5.0,8388608,5807,0.0006922483444213867,-1024.0000305175781,1947.0000450834632,-609.3104688360809,559.2218788113031,"0,1",-1.1920928955078125,False
BHSD_0060.nii.gz,BHSD,512,512,32,0.488281,0.488281,5.1419992,8388608,21133,0.00251924991607666,-2048.0,3071.000014066696,-852.13060949186,832.61784820069,"0,1",-1.2259470542412207,False
BHSD_0061.nii.gz,BHSD,512,512,48,0.488281,0.488281,0.5,12582912,37975,0.003017981847127279,-3023.999885559082,3070.9998841434717,-941.0599798026693,1217.862525453746,"0,1",-0.11920917017955864,False
BHSD_0062.nii.gz,BHSD,512,512,38,0.46289062,0.46289062,5.0,9961472,29573,0.002968737953587582,-1024.0000610351562,2523.0000144317746,-586.2674225849377,544.4910144775793,"0,1",-1.071338653564453,False
BHSD_0063.nii.gz,BHSD,512,512,34,0.4949,0.4949,5.0,8912896,26989,0.0030280842500574447,-1024.0,22348.000788003206,-572.8678464293259,563.6752334030814,"0,1",-1.2246299914752967,False
BHSD_0064.nii.gz,BHSD,512,512,34,0.494863,0.494863,5.0,8912896,31509,0.0035352145924287684,-1024.0,2412.000060234219,-542.7178339734793,537.3327749090716,"0,1",-1.2244469611273745,False
BHSD_0065.nii.gz,BHSD,512,512,32,0.488281,0.488281,5.6109996,8388608,25271,0.003012537956237793,-2048.0000915527344,2676.0000904500484,-826.0715821773794,878.1170082894945,"0,1",-1.3377651697456596,False
BHSD_0066.nii.gz,BHSD,512,512,40,0.488281,0.488281,2.6963387,10485760,26310,0.0025091171264648438,-2047.9999461174011,2054.999946117401,-855.9913365237165,828.8736298498671,"0,1",-0.6428565281267641,False
BHSD_0067.nii.gz,BHSD,512,512,34,0.49475098,0.49475098,5.0,8912896,9331,0.001046910005457261,-33323.00061035156,31622.000579953194,-595.5179219640099,564.9963368223779,"0,1",-1.2238926440477371,False
BHSD_0068.nii.gz,BHSD,512,512,32,0.48828125,0.48828125,5.3740234,8388608,15207,0.0018128156661987305,-1024.0000305175781,1852.0000298470259,-615.9329887478307,554.0627691020596,"0,1",-1.281267001737899,False
BHSD_0069.nii.gz,BHSD,512,512,60,0.488281,0.488281,2.5830002,15728640,9050,0.0005753835042317709,-3023.999885559082,3070.9998841434717,-1025.2601993798205,1172.8586129616122,"0,1",-0.615834592226024,False
BHSD_0070.nii.gz,BHSD,512,512,46,0.49475098,0.49475098,5.0,12058624,59310,0.004918471626613451,-1024.0,23326.999521315098,-642.5615002058418,550.9903471546578,"0,1",-1.2238926440477371,False
BHSD_0071.nii.gz,BHSD,512,512,39,0.48828125,0.48828125,5.0,10223616,64409,0.006300021440554888,-1024.0,2975.9999990686774,-574.0870464884816,567.2678164358164,"0,1",-1.1920928955078125,False
BHSD_0072.nii.gz,BHSD,512,512,28,0.5332031,0.5332031,6.291168,7340032,12979,0.0017682484218052455,-1024.0,2975.9999990686774,-664.1324709568146,534.7238794742747,"0,1",-1.7886141395552002,False
BHSD_0073.nii.gz,BHSD,512,512,32,0.48828125,0.48828125,5.392578,8388608,169948,0.020259380340576172,-1024.0,2975.9999990686774,-531.598647216763,555.1528289646907,"0,1",-1.2856907701888494,False
BHSD_0074.nii.gz,BHSD,512,512,34,0.48828125,0.48828125,5.1762695,8912896,3909,0.00043857798856847426,-1023.9999694824219,1873.9999993257225,-576.0191595873423,587.8158182394121,"0,1",-1.234118798357369,False
BHSD_0075.nii.gz,BHSD,512,512,32,0.488281,0.488281,5.121397,8388608,2612,0.0003113746643066406,-3024.0001220703125,3072.0001206472516,-1095.4310972749859,1132.8554448742923,"0,1",-1.221034960220318,False
BHSD_0076.nii.gz,BHSD,512,512,32,0.488281,0.488281,5.1120033,8388608,4095,0.0004881620407104492,-2048.0,3071.000014066696,-858.9732172379443,835.8053862464351,"0,1",-1.218795444384224,False
BHSD_0077.nii.gz,BHSD,512,512,30,0.42382812,0.42382812,5.0,7864320,19628,0.0024958292643229166,-1024.0,2975.9999990686774,-432.14389537791163,604.8263096531883,"0,1",-0.8981513977050781,False
BHSD_0078.nii.gz,BHSD,512,512,32,0.488281,0.488281,5.0700006,8388608,1094,0.0001304149627685547,-2048.0,3071.000014066696,-867.7161184924028,788.9389019829931,"0,1",-1.2087811803694395,False
BHSD_0079.nii.gz,BHSD,512,512,40,0.488281,0.488281,2.5,10485760,88,8.392333984375e-06,-3023.999885559082,3070.9998841434717,-1102.0287783248134,1127.7202044150717,"0,1",-0.5960458720710209,False
BHSD_0080.nii.gz,BHSD,512,512,28,0.488281,0.488281,5.0,7340032,11782,0.0016051701136997768,-2048.0,3071.000014066696,-790.4151182455327,869.2136789634058,"0,1",-1.1920917313548784,False
BHSD_0081.nii.gz,BHSD,512,512,30,0.68359375,0.68359375,5.018729,7864320,1018,0.00012944539388020832,-1000.0000610351562,2976.000060107559,-762.6123507324744,473.13167949932637,"0,1",-2.3452543901066876,False
BHSD_0082.nii.gz,BHSD,512,512,32,0.488281,0.488281,5.201,8388608,11759,0.0014017820358276367,-2048.0000371932983,2075.000038139522,-816.3298469867037,838.279030378339,"0,1",-1.240013829528213,False
BHSD_0083.nii.gz,BHSD,512,512,32,0.55859375,0.55859375,5.716797,8388608,12823,0.001528620719909668,-1023.9999694824219,1795.9999688267708,-670.229953359917,523.980042637997,"0,1",-1.783794866538712,False
BHSD_0084.nii.gz,BHSD,512,512,32,0.488281,0.488281,5.288,8388608,41642,0.004964113235473633,-2048.0,3071.000014066696,-806.842090201172,849.9844554041889,"0,1",-1.2607562182445764,False
BHSD_0085.nii.gz,BHSD,512,512,30,0.48828125,0.48828125,5.392578,7864320,47357,0.006021753946940104,-1024.0000610351562,1848.000060364604,-608.404664614835,561.8134430281659,"0,1",-1.2856907701888494,False
BHSD_0086.nii.gz,BHSD,512,512,32,0.48828125,0.48828125,5.3738937,8388608,104059,0.012404799461364746,-1024.0,2975.9999990686774,-629.3139478243689,539.5716183303954,"0,1",-1.2812360709267039,False
BHSD_0087.nii.gz,BHSD,512,512,34,0.5371094,0.5371094,5.304199,8912896,24286,0.002724815817440257,-1024.0,3071.0000143051147,-636.9982912372897,515.6607338284183,"0,1",-1.5301897049941586,False
BHSD_0088.nii.gz,BHSD,512,512,32,0.488281,0.488281,5.3926735,8388608,10348,0.0012335777282714844,-3024.0001220703125,3072.0001206472516,-1219.383655045924,1279.6782440025627,"0,1",-1.2857121906306972,False
BHSD_0089.nii.gz,BHSD,512,512,36,0.488281,0.488281,2.6869965,9437184,7625,0.0008079740736219618,-3023.999885559082,3070.9998841434717,-1001.1431540658646,1186.9621393078837,"0,1",-0.6406292464915556,False
BHSD_0090.nii.gz,BHSD,512,512,40,0.488281,0.488281,2.7060003,10485760,6603,0.0006297111511230468,-3023.999885559082,3070.9998841434717,-961.2595037639137,1193.6639680552244,"0,1",-0.6451600992128858,False
BHSD_0091.nii.gz,BHSD,512,512,32,0.488281,0.488281,5.049,8388608,11439,0.0013636350631713867,-2047.9999923706055,2080.9999914094806,-861.6402289344746,813.354532398596,"0,1",-1.2037742984915927,False
BHSD_0092.nii.gz,BHSD,512,512,34,0.494863,0.494863,5.0,8912896,1937,0.00021732554716222426,-1024.0,20388.999430447817,-537.8643535955443,590.6798960779435,"0,1",-1.2244469611273745,False
BHSD_0093.nii.gz,BHSD,512,512,32,0.48828125,0.48828125,5.0,8388608,45599,0.005435824394226074,-1024.0,2975.9999990686774,-582.9946026867328,574.3154596386734,"0,1",-1.1920928955078125,False
BHSD_0094.nii.gz,BHSD,512,512,40,0.488281,0.488281,2.547,10485760,8151,0.0007773399353027344,-3024.000030517578,2282.00005979836,-1024.1366573714965,1171.6480793237768,"0,1",-0.6072516065090217,False
BHSD_0095.nii.gz,BHSD,512,512,32,0.488281,0.488281,5.3926735,8388608,60318,0.0071904659271240234,-3024.0001220703125,3072.0001206472516,-1145.2389080101348,1235.115495135609,"0,1",-1.2857121906306972,False
BHSD_0096.nii.gz,BHSD,512,512,36,0.494863,0.494863,5.0,9437184,2781,0.00029468536376953125,-1024.0,29832.99985548854,-516.5872505485519,667.3291121325738,"0,1",-1.2244469611273745,False
BHSD_0097.nii.gz,BHSD,512,512,40,0.49475098,0.49475098,5.0,10485760,79004,0.007534408569335937,-1024.0,25487.999749690294,-602.6931084941741,569.5253743623156,"0,1",-1.2238926440477371,False
BHSD_0098.nii.gz,BHSD,512,512,28,0.625,0.625,6.0,7340032,7781,0.001060077122279576,-999.9999694824219,1836.9999535642564,-734.2522645669014,457.7539772441932,"0,1",-2.3437498813785873,False
BHSD_0099.nii.gz,BHSD,512,512,36,0.488281,0.488281,5.0,9437184,12724,0.0013482835557725695,-2048.0,3071.000014066696,-837.036078418321,864.6514245272269,"0,1",-1.1920917126835306,False
BHSD_0100.nii.gz,BHSD,512,512,32,0.427734,0.427734,5.0,8388608,10540,0.0012564659118652344,-2048.0,3071.000014066696,-619.192529749626,950.6476264437558,"0,1",-0.9147818206118473,False
BHSD_0101.nii.gz,BHSD,512,512,40,0.488281,0.488281,2.6963348,10485760,352,3.35693359375e-05,-3023.999885559082,3070.9998841434717,-981.7662888594281,1204.925187325044,"0,1",-0.6428556097996942,False
BHSD_0102.nii.gz,BHSD,512,512,32,0.488281,0.488281,5.392673,8388608,9043,0.0010780096054077148,-3024.0001220703125,3072.0001206472516,-1083.5651116948447,1245.6192965169132,"0,1",-1.2857120639283048,False
BHSD_0103.nii.gz,BHSD,512,512,28,0.53515625,0.53515625,6.0,7340032,14828,0.0020201546805245535,-1000.0,2999.9999990686774,-691.4895362525803,538.3201800026945,"0,1",-1.7183533248012945,False
BHSD_0104.nii.gz,BHSD,512,512,30,0.42578125,0.42578125,5.0,7864320,2534,0.0003222147623697917,-1023.9999389648438,1766.9999535754323,-537.5537921238002,572.7345980048103,"0,1",-0.9064483642578125,False
BHSD_0105.nii.gz,BHSD,512,512,36,0.488281,0.488281,5.3926735,9437184,26271,0.0027837753295898438,-3023.999885559082,3070.9998841434717,-1240.3055327745662,1235.6933546948087,"0,1",-1.2857121906306972,False
BHSD_0106.nii.gz,BHSD,512,512,32,0.488281,0.488281,5.3926735,8388608,10180,0.0012135505676269531,-3023.999885559082,3070.9998841434717,-1025.9321559326131,1168.7864762019144,"0,1",-1.2857121906306972,False
BHSD_0107.nii.gz,BHSD,512,512,28,0.488281,0.488281,5.3926735,7340032,32937,0.004487310137067523,-3024.0000915527344,2181.0000750795007,-1024.279638223661,1179.7004451357975,"0,1",-1.2857121906306972,False
BHSD_0108.nii.gz,BHSD,512,512,32,0.488281,0.488281,5.214999,8388608,7176,0.0008554458618164062,-2048.000015258789,2174.0000142753124,-808.7182610668349,883.4409551465773,"0,1",-1.24335138499138,False
BHSD_0109.nii.gz,BHSD,512,512,35,0.48828125,0.48828125,5.0,9175040,92,1.0027204241071429e-05,-1024.0000610351562,1913.0000450909138,-591.1087412241112,574.3625368335337,"0,1",-1.1920928955078125,False
BHSD_0110.nii.gz,BHSD,512,512,28,0.48828125,0.48828125,6.4487305,7340032,100645,0.013711793082101005,-1024.0,1871.9999993257225,-630.611730017268,531.8355773645593,"0,1",-1.5374970001197312,False
BHSD_0111.nii.gz,BHSD,512,512,46,0.49475098,0.49475098,5.0,12058624,34242,0.0028396274732506795,-1024.0,20735.000010192394,-652.4963780052403,534.3966483109349,"0,1",-1.2238926440477371,False
BHSD_0112.nii.gz,BHSD,512,512,36,0.488281,0.488281,5.0,9437184,63301,0.006707615322536892,-2048.0,3071.000014066696,-818.0830842563942,848.7664170622941,"0,1",-1.1920917313548784,False
BHSD_0113.nii.gz,BHSD,512,512,32,0.488281,0.488281,5.0623255,8388608,701,8.356571197509766e-05,-3023.999885559082,3070.9998841434717,-1045.4607256057834,1170.4023610481206,"0,1",-1.206951421553812,False
BHSD_0114.nii.gz,BHSD,512,512,32,0.494863,0.494863,5.0,8388608,669,7.975101470947266e-05,-1024.0,23778.00045198202,-517.4321171519445,576.5853003458113,"0,1",-1.2244469611273745,False
BHSD_0115.nii.gz,BHSD,512,512,32,0.488281,0.488281,5.3926735,8388608,3763,0.00044858455657958984,-3023.999885559082,3070.9998841434717,-1007.3288683670391,1222.4956682551206,"0,1",-1.2857121906306972,False
BHSD_0116.nii.gz,BHSD,512,512,40,0.488281,0.488281,2.6139984,10485760,40715,0.003882884979248047,-3024.000015258789,2541.000029221177,-1050.7810755134833,1164.438796462878,"0,1",-0.6232251556421728,False
BHSD_0117.nii.gz,BHSD,512,512,36,0.488281,0.488281,2.5311632,9437184,330,3.4968058268229164e-05,-3024.0000610351562,2057.000044591725,-1027.3487163586867,1179.4353806560032,"0,1",-0.6034758263985647,False
BHSD_0118.nii.gz,BHSD,512,512,32,0.488281,0.488281,5.288001,8388608,11778,0.0014040470123291016,-2048.000105857849,2066.000106804073,-699.2491171400759,936.7798973377552,"0,1",-1.2607564517367922,False
BHSD_0119.nii.gz,BHSD,512,512,44,0.49475098,0.49475098,5.0,11534336,49478,0.0042896270751953125,-33473.00079345703,31701.000808775425,-567.5267651848375,555.430467602806,"0,1",-1.2238926440477371,False
BHSD_0120.nii.gz,BHSD,512,512,32,0.48828125,0.48828125,5.5168304,8388608,1589,0.0001894235610961914,-1024.0000305175781,1884.0000298395753,-555.0330758498903,562.0695059920448,"0,1",-1.3153149431958315,False
BHSD_0121.nii.gz,BHSD,512,512,28,0.488281,0.488281,5.563,7340032,86200,0.011743818010602678,-2047.9999160766602,2186.9999150931835,-880.7602626994118,802.8499231834196,"0,1",-1.3263214080769703,False
BHSD_0122.nii.gz,BHSD,512,512,32,0.488281,0.488281,5.1210003,8388608,7784,0.0009279251098632812,-2048.0,3071.000014066696,-847.6572167632646,825.9047907418161,"0,1",-1.220940288523983,False
BHSD_0123.nii.gz,BHSD,512,512,35,0.48828125,0.48828125,5.0,9175040,108425,0.011817387172154017,-1023.9999389648438,2259.9999992363155,-602.7512919478795,529.0901739950939,"0,1",-1.1920928955078125,False
BHSD_0124.nii.gz,BHSD,512,512,30,0.48828125,0.48828125,5.272461,7864320,25801,0.0032807668050130207,-1000.0000610351562,2976.000060107559,-556.6406810216214,572.0217206124145,"0,1",-1.2570527118666437,False
BHSD_0125.nii.gz,BHSD,512,512,32,0.48828125,0.48828125,5.2147217,8388608,91,1.0848045349121094e-05,0.0,4095.0000143051147,2515.47429139756,1311.5456822353135,"0,1",-1.2432865146864105,False
BHSD_0126.nii.gz,BHSD,512,512,32,0.488281,0.488281,5.188999,8388608,5938,0.0007078647613525391,-2048.0,3071.000014066696,-803.415334914436,851.2098831947634,"0,1",-1.2371528112106946,False
BHSD_0127.nii.gz,BHSD,512,512,30,0.48828125,0.48828125,5.201477,7864320,298,3.7892659505208334e-05,-1024.0,2498.999953404069,-594.0364334359164,567.6241769287915,"0,1",-1.2401287527748728,False
BHSD_0128.nii.gz,BHSD,512,512,36,0.488281,0.488281,5.0,9437184,12309,0.001304308573404948,-2048.0,3071.000014066696,-853.0837387160061,813.6235367757795,"0,1",-1.1920917313548784,False
BHSD_0129.nii.gz,BHSD,512,512,32,0.48828125,0.48828125,5.431885,8388608,11365,0.001354813575744629,-1024.0,1871.9999993257225,-627.9691914043973,549.8271048473454,"0,1",-1.2950622911046192,False
BHSD_0130.nii.gz,BHSD,512,512,30,0.40234375,0.40234375,5.0,7864320,142264,0.018089803059895833,-1022.0,1761.9999993517995,-447.15361172620527,603.2371650203154,"0,1",-0.8094024658203125,False
BHSD_0131.nii.gz,BHSD,512,512,38,0.488281,0.488281,2.576538,9961472,684,6.866455078125e-05,-3024.0001220703125,2080.0001208782196,-1018.1363741836396,1178.3313285751806,"0,1",-0.6142939261373198,False
BHSD_0132.nii.gz,BHSD,512,512,24,0.48828125,0.48828125,6.42688,6291456,17224,0.0027376810709635415,-1024.0,1824.9999840781093,-592.9812392338014,553.1546330890529,"0,1",-1.5322874703910152,False
BHSD_0133.nii.gz,BHSD,512,512,33,0.48828125,0.48828125,5.0,8650752,40124,0.004638209487452652,-1024.0,1775.9999993480742,-587.8001444502679,554.4027091269486,"0,1",-1.1920928955078125,False
BHSD_0134.nii.gz,BHSD,512,512,32,0.488281,0.488281,5.4519997,8388608,287,3.421306610107422e-05,-2047.9999384880066,2055.9999384880066,-813.2774364174461,899.6989169548533,"0,1",-1.2998569119522232,False
BHSD_0135.nii.gz,BHSD,512,512,32,0.48828125,0.48828125,5.320801,8388608,120,1.430511474609375e-05,-1024.0,1920.9999840557575,-599.8222900940556,554.2382205286851,"0,1",-1.2685777296300091,False
BHSD_0136.nii.gz,BHSD,512,512,32,0.488281,0.488281,5.243,8388608,44830,0.0053441524505615234,-2047.9999618530273,2148.9999608770013,-846.0552890311537,834.273139943708,"0,1",-1.250027362421235,False
BHSD_0137.nii.gz,BHSD,512,512,32,0.398438,0.398438,5.142,8388608,13296,0.0015850067138671875,-2047.9999771118164,2114.999976143241,-731.6931188135756,911.0727700172962,"0,1",-0.8163072239179041,False
BHSD_0138.nii.gz,BHSD,512,512,32,0.49475098,0.49475098,5.0,8388608,49401,0.0058890581130981445,-1024.0,28011.000313669443,-576.5448331580717,617.1866090218942,"0,1",-1.2238926440477371,False
BHSD_0139.nii.gz,BHSD,512,512,32,0.488281,0.488281,5.0,8388608,14543,0.0017336606979370117,-2048.0,3071.000014066696,-823.1206107697489,873.3192996401907,"0,1",-1.1920917313548784,False
BHSD_0140.nii.gz,BHSD,512,512,32,0.48828125,0.48828125,5.586975,8388608,7253,0.0008646249771118164,-1024.0,2258.9999534599483,-626.7696873440566,543.4407643506307,"0,1",-1.3320387393985849,False
BHSD_0141.nii.gz,BHSD,512,512,38,0.48828125,0.48828125,5.0,9961472,4959,0.0004978179931640625,-1022.9999389648438,2453.999983932823,-572.9505107554558,552.6073578466376,"0,1",-1.1920928955078125,False
BHSD_0142.nii.gz,BHSD,512,512,32,0.488281,0.488281,5.0,8388608,24460,0.0029158592224121094,-2048.0,3071.000014066696,-826.526493046449,836.7040973636522,"0,1",-1.1920917313548784,False
BHSD_0143.nii.gz,BHSD,512,512,42,0.49475098,0.49475098,5.0,11010048,54388,0.004939851306733631,-1024.0,25333.0001617074,-580.5662673837783,550.1748455979757,"0,1",-1.2238926440477371,False
BHSD_0144.nii.gz,BHSD,512,512,32,0.488281,0.488281,5.4729996,8388608,1478,0.0001761913299560547,-2047.9999079704285,2059.9999079704285,-781.555320322124,857.2815321034187,"0,1",-1.3048634371193493,False
BHSD_0145.nii.gz,BHSD,512,512,32,0.488281,0.488281,5.215,8388608,61195,0.007295012474060059,-2048.0,3071.000014066696,-858.2288790903256,946.874979095087,"0,1",-1.2433516272180967,False
BHSD_0146.nii.gz,BHSD,512,512,32,0.48828125,0.48828125,5.0,8388608,35480,0.004229545593261719,-1021.9999389648438,2487.9999686665833,-652.0150207254555,526.1721572438851,"0,1",-1.1920928955078125,False
BHSD_0147.nii.gz,BHSD,512,512,33,0.48828125,0.48828125,5.0,8650752,15110,0.0017466689601089015,-1023.9999694824219,2018.9999840334058,-567.7965182063579,581.1770980657847,"0,1",-1.1920928955078125,False
BHSD_0148.nii.gz,BHSD,512,512,40,0.488281,0.488281,2.6599998,10485760,30001,0.0028611183166503905,-3023.999885559082,3070.9998841434717,-1074.3980919467567,1136.4692464264406,"0,1",-0.6341927024121108,False
BHSD_0149.nii.gz,BHSD,512,512,30,0.48828125,0.48828125,5.431885,7864320,80976,0.010296630859375,-1024.0000305175781,1804.0000298582017,-584.608720249678,556.3458220102326,"0,1",-1.2950622911046192,False
BHSD_0150.nii.gz,BHSD,512,512,36,0.44335938,0.44335938,5.0,9437184,9935,0.001052750481499566,-1024.0000305175781,1644.0000298954546,-473.2570641624804,570.0219628265407,"0,1",-0.9828376770019531,False
BHSD_0151.nii.gz,BHSD,512,512,32,0.488281,0.488281,5.0,8388608,9584,0.0011425018310546875,-2048.0000381469727,2027.0000371970236,-702.2091706693964,890.0302166047296,"0,1",-1.1920917313548784,False
BHSD_0152.nii.gz,BHSD,512,512,28,0.488281,0.488281,5.5629997,7340032,24464,0.0033329554966517855,-2048.0000534057617,1897.000052485615,-839.2998227582815,871.3565956952929,"0,1",-1.3263212809775207,False
BHSD_0153.nii.gz,BHSD,512,512,38,0.494863,0.494863,5.0,9961472,71290,0.007156572843852796,-33473.99914550781,30384.99908488989,-590.3012960816092,553.2743121047015,"0,1",-1.2244469611273745,False
BHSD_0154.nii.gz,BHSD,512,512,32,0.488281,0.488281,5.304001,8388608,180149,0.02147543430328369,-2048.0001220703125,2993.0001056343317,-792.7410927440541,844.6289227230491,"0,1",-1.2645710597634807,False
BHSD_0155.nii.gz,BHSD,512,512,30,0.48828125,0.48828125,5.0094843,7864320,10555,0.0013421376546223958,-1024.0,1855.0000145882368,-600.7583411030205,559.2586666064425,"0,1",-1.1943540947090197,False
BHSD_0156.nii.gz,BHSD,512,512,32,0.488281,0.488281,5.1210003,8388608,51369,0.006123661994934082,-2048.0000371932983,2075.000038139522,-797.436585421688,877.6135226013308,"0,1",-1.220940288523983,False
BHSD_0157.nii.gz,BHSD,512,512,36,0.488281,0.488281,5.0,9437184,2504,0.00026533338758680556,-2048.0,3071.000014066696,-788.7656758240676,870.8643913872932,"0,1",-1.1920917313548784,False
BHSD_0158.nii.gz,BHSD,512,512,32,0.48828125,0.48828125,5.431885,8388608,10990,0.001310110092163086,-1000.0000305175781,1957.0000145696104,-573.3552696051048,588.9592260943396,"0,1",-1.2950622911046192,False
BHSD_0159.nii.gz,BHSD,512,512,30,0.48828125,0.48828125,5.431885,7864320,1737,0.0002208709716796875,-1024.0000305175781,1883.0000450983644,-494.1985001779755,652.5542582600973,"0,1",-1.2950622911046192,False
BHSD_0160.nii.gz,BHSD,512,512,38,0.488281,0.488281,2.6362305,9961472,969,9.72747802734375e-05,-3023.999885559082,3070.9998841434717,-1032.388563996642,1195.5085924249,"0,1",-0.628525662750372,False
BHSD_0161.nii.gz,BHSD,512,512,32,0.49475098,0.49475098,5.0,8388608,86790,0.010346174240112305,-1023.9999389648438,2261.9999687187374,-602.4957194355616,566.1346742517125,"0,1",-1.2238926440477371,False
BHSD_0162.nii.gz,BHSD,512,512,35,0.5136719,0.5136719,5.0,9175040,732,7.978166852678572e-05,-1023.9999694824219,1732.9999535828829,-608.287921056234,523.2955881323377,"0,1",-1.3192939758300781,False
BHSD_0163.nii.gz,BHSD,512,512,28,0.488281,0.488281,5.3740005,7340032,4418,0.0006019047328404018,-2048.0000610351562,2936.0000598728657,-792.482001477093,911.3121645752757,"0,1",-1.28126032962295,False
BHSD_0164.nii.gz,BHSD,512,512,34,0.49475098,0.49475098,5.0,8912896,23356,0.0026204726275275737,-1024.0,21976.000604987144,-590.8403510660634,567.3644111781766,"0,1",-1.2238926440477371,False
BHSD_0165.nii.gz,BHSD,512,512,36,0.48828125,0.48828125,5.0,9437184,119,1.2609693739149305e-05,-1024.0000610351562,2424.0000602304935,-547.6860238270261,564.8492998695747,"0,1",-1.1920928955078125,False
BHSD_0166.nii.gz,BHSD,512,512,40,0.488281,0.488281,2.571,10485760,13629,0.0012997627258300782,-3023.999885559082,3070.9998841434717,-1030.3220479694066,1162.0418288142862,"0,1",-0.612973644301077,False
BHSD_0167.nii.gz,BHSD,512,512,32,0.488281,0.488281,5.093584,8388608,47599,0.005674242973327637,-3023.9999389648438,2069.9999682977796,-1135.1839316367623,1227.2114945940293,"0,1",-1.2144040760574268,False
BHSD_0168.nii.gz,BHSD,512,512,33,0.48828125,0.48828125,5.0,8650752,504,5.826083096590909e-05,-1022.9999389648438,1751.9999535791576,-576.8049516774811,570.9779171800686,"0,1",-1.1920928955078125,False
BHSD_0169.nii.gz,BHSD,512,512,30,0.48828125,0.48828125,5.288086,7864320,1052,0.00013376871744791668,-1024.0000610351562,1897.000045094639,-600.1544666247363,549.1825040954246,"0,1",-1.2607778573405524,False
BHSD_0170.nii.gz,BHSD,512,512,32,0.488281,0.488281,5.0940003,8388608,50163,0.00597989559173584,-2048.0,3071.000014066696,-858.6270911090551,818.3805764656612,"0,1",-1.214503330039146,False
BHSD_0171.nii.gz,BHSD,512,512,40,0.488281,0.488281,2.7939987,10485760,5224,0.000498199462890625,-3023.999885559082,3070.9998841434717,-1005.7007421209634,1195.0830684679534,"0,1",-0.6661405639794885,False
BHSD_0172.nii.gz,BHSD,512,512,36,0.488281,0.488281,5.257,9437184,39454,0.0041806962754991316,-2047.9999613761902,2036.9999613799155,-835.6775493682518,839.2986682704217,"0,1",-1.2533652373303512,False
BHSD_0173.nii.gz,BHSD,512,512,28,0.488281,0.488281,5.373932,7340032,29054,0.0039582933698381695,-2048.0000228881836,1837.000021982938,-959.9602854343323,919.1590036643427,"0,1",-1.2812439473068302,False
BHSD_0174.nii.gz,BHSD,512,512,30,0.488281,0.488281,5.3926773,7864320,88215,0.011217117309570312,-3024.0000915527344,2277.000075057149,-1009.290919760764,1190.129376120234,"0,1",-1.285713056253528,False
BHSD_0175.nii.gz,BHSD,512,512,30,0.48828125,0.48828125,5.14209,7864320,3889,0.0004945119222005208,-1024.0,1838.0000298507512,-623.2243119014471,540.8935039878387,"0,1",-1.2259697134324952,False
BHSD_0176.nii.gz,BHSD,512,512,36,0.488281,0.488281,5.0429993,9437184,34884,0.003696441650390625,-2048.0,3071.000014066696,-831.5223072320183,863.9543761428305,"0,1",-1.2023435726109206,False
BHSD_0177.nii.gz,BHSD,512,512,32,0.48632812,0.48632812,5.5168457,8388608,11282,0.001344919204711914,-1024.0000610351562,1849.000045105815,-626.8858988544387,546.4928146652015,"0,1",-1.30481706803313,False
BHSD_0178.nii.gz,BHSD,512,512,34,0.49475098,0.49475098,5.0,8912896,2309,0.0002590628231272978,-33504.00048828125,30695.00036650896,-514.9985702860241,658.0511714254906,"0,1",-1.2238926440477371,False
BHSD_0179.nii.gz,BHSD,512,512,32,0.371094,0.371094,5.0,8388608,19779,0.0023578405380249023,-2048.0000915527344,2675.0001057088375,-614.2963777992487,963.5543451206726,"0,1",-0.6885537412020425,False
BHSD_0180.nii.gz,BHSD,512,512,38,0.49475098,0.49475098,5.0,9961472,42921,0.0043087005615234375,-1024.0,22852.00090995431,-525.2719514989916,611.767411199455,"0,1",-1.2238926440477371,False
BHSD_0181.nii.gz,BHSD,512,512,39,0.48828125,0.48828125,5.0,10223616,30579,0.002991016094501202,-1024.0,2732.000060159713,-594.1341246741823,556.8876623800254,"0,1",-1.1920928955078125,False
BHSD_0182.nii.gz,BHSD,512,512,38,0.49475098,0.49475098,5.0,9961472,104301,0.010470440513209292,-1024.0,23892.000665575266,-561.9453263259496,604.3859231346959,"0,1",-1.2238926440477371,False
BHSD_0183.nii.gz,BHSD,512,512,28,0.488281,0.488281,5.215,7340032,42235,0.005754062107631138,-2048.0,3071.000014066696,-847.3326917210676,836.1219839495465,"0,1",-1.2433516272180967,False
BHSD_0184.nii.gz,BHSD,512,512,34,0.48828125,0.48828125,5.0,8912896,6880,0.0007719152113970588,-1024.0,1742.000029873103,-601.0106425838131,531.3176691347984,"0,1",-1.1920928955078125,False
BHSD_0185.nii.gz,BHSD,512,512,32,0.51953125,0.51953125,5.4731445,8388608,28383,0.0033835172653198242,-1024.0,2975.9999990686774,-581.321795158226,567.9337987817519,"0,1",-1.4772712249488749,False
BHSD_0186.nii.gz,BHSD,512,512,32,0.488281,0.488281,5.3926697,8388608,28120,0.0033521652221679688,-3024.0001220703125,3072.0001206472516,-1058.0892557818713,1192.249277828289,"0,1",-1.2857112195993887,False
BHSD_0187.nii.gz,BHSD,512,512,34,0.46679688,0.46679688,5.0,8912896,862,9.671379538143382e-05,-1024.0,1951.999999307096,-598.5519385489289,580.7526827087875,"0,1",-1.0894966125488281,False
BHSD_0188.nii.gz,BHSD,512,512,36,0.488281,0.488281,2.6959991,9437184,77903,0.008254898918999566,-3023.9998931884766,2685.999891862273,-1046.0063054442612,1161.1280834105676,"0,1",-0.6427755982280923,False
BHSD_0189.nii.gz,BHSD,512,512,32,0.488281,0.488281,5.2580004,8388608,70459,0.008399367332458496,-2048.0,3071.000014066696,-851.1894523537037,826.9772276152898,"0,1",-1.2536037154755826,False
BHSD_0190.nii.gz,BHSD,512,512,29,0.40429688,0.40429688,5.0,7602176,64730,0.008514667379445043,-1023.0,2367.0000297278166,-505.91635439729134,571.3685233497185,"0,1",-0.8172798156738281,False
BHSD_0191.nii.gz,BHSD,512,512,28,0.488281,0.488281,5.3926735,7340032,9718,0.001323972429547991,-3024.0001220703125,3072.0001206472516,-954.6388360796343,1252.1623339009818,"0,1",-1.2857121906306972,False
BHSD_0192.nii.gz,BHSD,512,512,32,0.48828125,0.48828125,5.0,8388608,1223,0.00014579296112060547,-1024.0,1822.0000298544765,-592.4546871985162,592.695970780746,"0,1",-1.1920928955078125,False
CQ500_0001.nii.gz,CQ500,512,512,224,0.464844,0.46484396,0.63124216,58720256,23118,0.0003936971936907087,-3023.999885559082,3070.9998841434717,-1040.749097393566,1168.2829140828214,"0,1",-0.13507133570884408,False
CQ500_0002.nii.gz,CQ500,512,512,256,0.496094,0.49609387,0.68415684,67108864,2930417,0.04366661608219147,-3023.999885559082,3070.9998841434717,-1028.7786208666184,1169.0482950318215,"0,1",-0.15382026169251362,False
CQ500_0003.nii.gz,CQ500,512,512,272,0.46875,0.46875006,0.63031733,71303168,33167,0.00046515464782714844,-3023.999885559082,3070.9998841434717,-1113.1524813151314,1240.2731572162343,"0,1",-0.13731261024266525,False
CQ500_0004.nii.gz,CQ500,512,512,288,0.488281,0.48828092,0.6278188,75497472,3891,5.153814951578776e-05,-3023.999885559082,3070.9998841434717,-991.48172287306,1215.9023657034159,"0,1",-0.14899438163162412,False
CQ500_0005.nii.gz,CQ500,512,512,32,0.625,0.62500024,5.164516,8388608,2079,0.0002478361129760742,-3023.999885559082,3070.9998841434717,-1290.738204794005,1140.9246257049326,"0,1",-1.9531312577960593,False
CQ500_0006.nii.gz,CQ500,512,512,233,0.464844,0.464844,0.625,61079552,197641,0.0032357964904523202,-3023.999885559082,3070.9998841434717,-1007.5030365304691,1202.9163111609257,"0,1",-0.1350499584805576,False
CQ500_0007.nii.gz,CQ500,512,512,244,0.441406,0.441406,0.625,63963136,23186,0.0003624900442654969,-3023.999885559082,3070.9998841434717,-1029.414656147809,1171.3770061084572,"0,1",-0.12177454191263591,False
CQ500_0008.nii.gz,CQ500,512,512,256,0.474609,0.474609,0.62500393,67108864,156553,0.002332821488380432,-3023.999885559082,3070.9998841434717,-1068.0801443271316,1147.8915110403332,"0,1",-0.14078444305324633,False
CQ500_0009.nii.gz,CQ500,512,512,220,0.482422,0.482422,0.6250046,57671680,138016,0.0023931329900568183,-3023.999885559082,3070.9998841434717,-972.3725939588677,1183.2017172923197,"0,1",-0.14545793094279377,False
CQ500_0010.nii.gz,CQ500,512,512,256,0.525391,0.5253909,0.63668627,67108864,39091,0.0005825012922286987,-3023.999885559082,3070.9998841434717,-1063.4365393206742,1173.6020440926047,"0,1",-0.17251912094708718,False
CQ500_0011.nii.gz,CQ500,512,512,32,0.501953,0.5019532,5.164516,8388608,30387,0.00362241268157959,-3023.999885559082,3070.9998841434717,-1054.0612675168472,1144.2137082595311,"0,1",-1.2597880995657795,False
CQ500_0012.nii.gz,CQ500,512,512,256,0.488281,0.48828116,0.6651255,67108864,236255,0.003520473837852478,-3023.999885559082,3070.9998841434717,-1065.8437418835251,1161.6390491548,"0,1",-0.1490147428174567,False
CQ500_0013.nii.gz,CQ500,512,512,243,0.490234,0.490234,0.625,63700992,26758,0.000420056252813143,-3023.9999084472656,2236.9998919665813,-1028.642577842015,1189.0264897698053,"0,1",-0.15020585160537223,False
CQ500_0014.nii.gz,CQ500,512,512,352,0.488281,0.488281,0.62500286,92274688,45845,0.0004968318072232333,-3023.999885559082,3070.9998841434717,-1076.3329084413206,1158.1836112526914,"0,1",-0.14901214853972,False
CQ500_0015.nii.gz,CQ500,512,512,256,0.46875,0.46875,0.62500393,67108864,17626,0.0002626478672027588,-3024.0001220703125,2048.00012088567,-986.3863293888066,1196.206031678694,"0,1",-0.13732996594626456,False
CQ500_0016.nii.gz,CQ500,512,512,224,0.460938,0.46093807,0.6290628,58720256,392971,0.006692256246294294,-3023.999885559082,3070.9998841434717,-1026.7447474643818,1173.5071472087197,"0,1",-0.1327939715504771,False
CQ500_0017.nii.gz,CQ500,512,512,256,0.488281,0.4882809,0.6296902,67108864,3647,5.43445348739624e-05,-3023.999885559082,3070.9998841434717,-1011.501506013495,1191.2966461016817,"0,1",-0.14901061573011756,False
CQ500_0018.nii.gz,CQ500,512,512,256,0.447266,0.44726622,0.62593335,67108864,48791,0.000727042555809021,-3023.999885559082,3070.9998841434717,-985.7887215640878,1194.589416300189,"0,1",-0.1250444682044108,False
CQ500_0019.nii.gz,CQ500,512,512,224,0.488281,0.48828104,0.6553453,58720256,124046,0.002112490790230887,-3023.9999084472656,2298.9999224692583,-1030.2754135165828,1172.1834396584968,"0,1",-0.1490147912332027,False
CQ500_0020.nii.gz,CQ500,512,512,32,0.488281,0.48828095,5.049226,8388608,462,5.507469177246094e-05,-3024.0000076293945,3215.0000061765313,-1044.889462375939,1170.5003475673323,"0,1",-1.192112412897237,False
CQ500_0021.nii.gz,CQ500,512,512,325,0.615234,0.615234,0.5,85196800,443951,0.005210888202373798,-1024.0000610351562,2009.000045068562,-728.1224914719772,513.4485591215965,"0,1",-0.18925644806592604,False
CQ500_0022.nii.gz,CQ500,512,512,240,0.445312,0.44531193,0.636569,62914560,49341,0.0007842540740966797,-3023.999885559082,3070.9998841434717,-999.8463238803407,1190.090134170309,"0,1",-0.12391411415447282,False
CQ500_0023.nii.gz,CQ500,512,512,240,0.488281,0.488281,0.6250042,62914560,360745,0.005733887354532878,-3023.999885559082,3070.9998841434717,-1191.886241047873,1229.7160376698214,"0,1",-0.14901246117821842,False
CQ500_0024.nii.gz,CQ500,512,512,224,0.488281,0.48828122,0.6389641,58720256,138631,0.0023608718599591938,-3024.0,2415.0000139921904,-1055.8158164285953,1164.2858756309063,"0,1",-0.149011817474199,False
CQ500_0025.nii.gz,CQ500,512,512,288,0.521484,0.521484,0.62500346,75497472,243031,0.003219061427646213,-3023.999885559082,3070.9998841434717,-1055.5290016577294,1162.8521572495652,"0,1",-0.16996692786885442,False
CQ500_0026.nii.gz,CQ500,512,512,32,0.488281,0.48828104,5.121484,8388608,7573,0.0009027719497680664,-3023.9999237060547,2649.999922387302,-1031.1193626991046,1174.2479511679378,"0,1",-1.1921117308147628,False
CQ500_0027.nii.gz,CQ500,512,512,240,0.488281,0.488281,0.6250042,62914560,42393,0.0006738185882568359,-3023.999885559082,3070.9998841434717,-1174.539074669243,1218.2147406799586,"0,1",-0.14901246117821842,False
CQ500_0028.nii.gz,CQ500,512,512,256,0.482422,0.4824219,0.6278196,67108864,472071,0.007034406065940857,-3023.999885559082,3070.9998841434717,-1056.5886979418426,1235.408479698524,"0,1",-0.14544036391058282,False
CQ500_0029.nii.gz,CQ500,512,512,51,0.488281,0.488281,3.0,13369344,9906,0.0007409488453584559,-1024.0,2609.999968636781,-622.4268014596763,555.1367429204421,"0,1",-0.7152550388129272,False
CQ500_0030.nii.gz,CQ500,512,512,256,0.507812,0.5078119,0.6296902,67108864,95113,0.0014172941446304321,-3023.999885559082,3070.9998841434717,-1090.058165578196,1140.5828291992646,"0,1",-0.16116973690513572,False
CQ500_0031.nii.gz,CQ500,512,512,240,0.488281,0.48828116,0.6378117,62914560,5195,8.257230122884114e-05,-3023.999885559082,3070.9998841434717,-1081.56936685157,1154.1608624646442,"0,1",-0.14901328699306035,False
CQ500_0032.nii.gz,CQ500,512,512,256,0.488281,0.48828095,0.6265294,67108864,201970,0.003009587526321411,-3023.999885559082,3070.9998841434717,-1041.4141029954299,1161.2404538481442,"0,1",-0.14901221676981657,False
CQ500_0033.nii.gz,CQ500,512,512,288,0.490234,0.490234,0.62500346,75497472,2074,2.7471118503146703e-05,-3023.999885559082,3070.9998841434717,-1075.1032006549244,1145.8292287611314,"0,1",-0.15020668244065677,False
CQ500_0034.nii.gz,CQ500,512,512,288,0.5625,0.56250006,0.63193727,75497472,316678,0.004194551044040256,-3023.999885559082,3070.9998841434717,-1121.3035432652362,1111.9825146740227,"0,1",-0.19775266227309451,False
CQ500_0035.nii.gz,CQ500,512,512,288,0.541016,0.5410159,0.6366864,75497472,99550,0.0013185871971978082,-3023.999885559082,3070.9998841434717,-1125.8839503933377,1119.6151686428195,"0,1",-0.18293308037221265,False
CQ500_0036.nii.gz,CQ500,512,512,261,0.445312,0.445312,0.625,68419584,343546,0.005021164700446001,-3023.999885559082,3070.9998841434717,-979.9338042486883,1197.9506224836923,"0,1",-0.12393923214419955,False
CQ500_0037.nii.gz,CQ500,512,512,233,0.488281,0.488281,0.625,61079552,753741,0.012340316445019112,-3023.999885559082,3070.9998841434717,-1051.035086568462,1168.2368301473043,"0,1",-0.14901146641935978,False
CQ500_0038.nii.gz,CQ500,512,512,240,0.441406,0.441406,0.625,62914560,49719,0.000790262222290039,-3023.999885559082,3070.9998841434717,-1001.9834954237563,1186.0855319024718,"0,1",-0.12177454191263591,False
CQ500_0039.nii.gz,CQ500,512,512,224,0.488281,0.4882808,0.6694664,58720256,433937,0.0073899030685424805,-3023.999885559082,3070.9998841434717,-1034.184398141543,1184.4199356019135,"0,1",-0.14901156400867413,False
CQ500_0040.nii.gz,CQ500,512,512,288,0.488281,0.48828116,0.645561,75497472,208042,0.002755615446302626,-3023.999885559082,3070.9998841434717,-1045.5711236504242,1184.2067830171811,"0,1",-0.14901112502633154,False
CQ500_0041.nii.gz,CQ500,512,512,237,0.451172,0.451172,0.625,62128128,11669,0.00018782152908260812,-3024.0000610351562,2280.00005979836,-956.1203201480063,1216.9668267114423,"0,1",-0.127222605224242,False
CQ500_0042.nii.gz,CQ500,512,512,288,0.488281,0.48828107,0.6290348,75497472,218494,0.002894057167900933,-3023.999885559082,3070.9998841434717,-997.6608626395623,1193.5028147993187,"0,1",-0.14900940518797925,False
CQ500_0043.nii.gz,CQ500,512,512,256,0.488281,0.48828104,0.63040394,67108864,24718,0.00036832690238952637,-3023.999885559082,3070.9998841434717,-1013.2823352940343,1173.1673426088698,"0,1",-0.14901404901968013,False
CQ500_0044.nii.gz,CQ500,512,512,256,0.488281,0.48828104,0.63040394,67108864,73091,0.001089140772819519,-3023.999885559082,3070.9998841434717,-1001.8865769507048,1187.1402732431027,"0,1",-0.14901404901968013,False
CQ500_0045.nii.gz,CQ500,512,512,58,0.607422,0.6074221,3.0,15204352,150691,0.009911043890591326,-1024.0,2524.000060208142,-726.5921117856291,517.1405856942362,"0,1",-1.090732766754421,False
CQ500_0046.nii.gz,CQ500,512,512,48,0.552734,0.552734,3.0,12582912,135639,0.010779619216918945,-1024.0000305175781,2045.0000145435333,-723.0144393924634,474.07049521866884,"0,1",-0.9165446818810069,False
CQ500_0047.nii.gz,CQ500,512,512,32,0.535156,0.5351562,5.1024837,8388608,23910,0.0028502941131591797,-3024.0001068115234,2721.000120729208,-1106.7358402993618,1115.2338873311473,"0,1",-1.4319744913794117,False
CQ500_0048.nii.gz,CQ500,512,512,53,0.488281,0.48828104,3.0,13893632,131723,0.009480818262640035,-1024.0,2321.999968703836,-590.198025071428,563.8226540354615,"0,1",-0.7107975710762489,False
CQ500_0049.nii.gz,CQ500,512,512,256,0.513672,0.5136718,0.6694667,67108864,33251,0.0004954785108566284,-3023.999885559082,3070.9998841434717,-1145.6646678173174,1089.2676797881325,"0,1",-0.1649120103147056,False
CQ500_0050.nii.gz,CQ500,512,512,288,0.501953,0.501953,0.6427526,75497472,10058,0.00013322300381130644,-3023.999885559082,3070.9998841434717,-1048.1067398120908,1150.915562717892,"0,1",-0.15747133414144418,False
CQ500_0051.nii.gz,CQ500,512,512,233,0.451172,0.451172,0.625,61079552,70268,0.00115043410927441,-3023.999885559082,3070.9998841434717,-962.0738424255338,1221.9162930225032,"0,1",-0.127222605224242,False
PHYSIO_0001.nii.gz,PHYSIO,512,512,39,0.41210938,0.41210938,5.0,10223616,6178,0.0006042871719751603,-1024.0,2913.9999685660005,-497.7596661950643,591.2108800505519,"0,1",-0.8491706848144531,False
PHYSIO_0002.nii.gz,PHYSIO,512,512,32,0.3515625,0.3515625,5.0,8388608,7073,0.0008431673049926758,-1020.9999694824219,1942.9999687932432,-594.4841303924734,509.6246706182968,"0,1",-0.6179809570312499,False
PHYSIO_0003.nii.gz,PHYSIO,512,512,46,0.41210938,0.41210938,5.0,12058624,38667,0.003206584764563519,-1014.0,3046.0000600889325,-581.269212663823,546.6604601059322,"0,1",-0.8491706848144531,False
PHYSIO_0004.nii.gz,PHYSIO,512,512,35,0.390625,0.390625,5.0,9175040,6738,0.0007343837193080357,-1018.0,3071.000105857849,-582.1339833678414,540.0587707170739,"0,1",-0.7629394531249999,False
PHYSIO_0005.nii.gz,PHYSIO,512,512,35,0.47265625,0.47265625,5.0,9175040,6845,0.0007460457938058036,-1023.9999389648438,2805.9999685920775,-508.9217472763482,592.5217008463933,"0,1",-1.1170196533203123,False
PHYSIO_0006.nii.gz,PHYSIO,512,512,33,0.43945312,0.43945312,5.0,8650752,0,0.0,-1024.0,2114.999953493476,-522.5274444200563,615.8418162393206,0,-0.965595245361328,True
PHYSIO_0007.nii.gz,PHYSIO,512,512,56,0.42382812,0.42382812,5.0,14680064,0,0.0,-1024.0,3071.0000143051147,-592.6959608044946,538.9207016459249,0,-0.8981513977050781,True
PHYSIO_0008.nii.gz,PHYSIO,512,512,40,0.45898438,0.45898438,5.0,10485760,0,0.0,-1017.9999389648438,2412.9999534264207,-605.1805441170195,532.6415940820629,0,-1.053333282470703,True
PHYSIO_0009.nii.gz,PHYSIO,512,512,43,0.44140625,0.44140625,5.0,11272192,0,0.0,-1023.9999389648438,2820.9999838471413,-546.5669765261327,578.0844841781686,0,-0.9741973876953124,True
PHYSIO_0010.nii.gz,PHYSIO,512,512,38,0.42578125,0.42578125,5.0,9961472,279,2.8007908871299342e-05,-1024.0,2913.9999685660005,-485.2779892351893,578.337640300695,"0,1",-0.9064483642578125,False
PHYSIO_0011.nii.gz,PHYSIO,512,512,34,0.41015625,0.41015625,5.0,8912896,17293,0.0019402223474839155,-1024.0000610351562,2472.0000602193177,-673.3159032403468,490.7507224615856,"0,1",-0.8411407470703124,False
PHYSIO_0012.nii.gz,PHYSIO,512,512,31,0.44335938,0.44335938,5.0,8126464,669,8.232362808719759e-05,-1024.0,2543.9999991692603,-647.3095755600801,502.8283922550174,"0,1",-0.9828376770019531,False
PHYSIO_0013.nii.gz,PHYSIO,512,512,32,0.390625,0.390625,5.0,8388608,13753,0.0016394853591918945,-1017.9999694824219,2007.9999992959201,-618.3108725709644,522.5209820345771,"0,1",-0.7629394531249999,False
PHYSIO_0014.nii.gz,PHYSIO,512,512,40,0.390625,0.390625,5.0,10485760,483,4.606246948242187e-05,-1021.0,2816.0000448822975,-415.72185406850684,633.4249841240996,"0,1",-0.7629394531249999,False
PHYSIO_0015.nii.gz,PHYSIO,512,512,39,0.390625,0.390625,5.0,10223616,40190,0.003931094438601763,-1023.9999389648438,2964.9999838136137,-595.4638315020412,550.313099873165,"0,1",-0.7629394531249999,False
PHYSIO_0016.nii.gz,PHYSIO,512,512,34,0.41992188,0.41992188,5.0,8912896,130454,0.014636544620289522,-1024.0,2114.999953493476,-568.8158261351305,615.4138252063001,"0,1",-0.881671905517578,False
PHYSIO_0017.nii.gz,PHYSIO,512,512,33,0.421875,0.421875,5.0,8650752,553,6.392507842092803e-05,-1023.0,2190.000045027584,-460.82408627439963,627.7861466991211,"0,1",-0.8898925781249999,False
PHYSIO_0018.nii.gz,PHYSIO,512,512,37,0.43164062,0.43164062,5.0,9699328,5100,0.0005258096230996622,-1020.0,3069.000105857849,-639.3208659983759,538.078967680569,"0,1",-0.931568145751953,False
PHYSIO_0019.nii.gz,PHYSIO,512,512,39,0.45507812,0.45507812,5.0,10223616,7469,0.0007305634327423879,-1023.9999389648438,3011.999999061227,-613.252597228296,544.2338770580105,"0,1",-1.035441100539174,False
PHYSIO_0020.nii.gz,PHYSIO,512,512,36,0.390625,0.390625,5.0,9437184,97076,0.010286543104383681,-1024.0,2588.0000601932406,-525.6698534943959,548.1675443216911,"0,1",-0.7629394531249999,False
PHYSIO_0021.nii.gz,PHYSIO,512,512,51,0.41796875,0.41796875,5.0,13369344,16710,0.001249874339384191,-1024.0,3071.0000143051147,-464.44757063132886,591.1426791938402,"0,1",-0.8734893798828124,False
PHYSIO_0022.nii.gz,PHYSIO,512,512,35,0.41992188,0.41992188,5.0,9175040,28032,0.0030552455357142857,-1022.0,3023.0000448338687,-505.43663109093103,602.0693186444723,"0,1",-0.881671905517578,False
PHYSIO_0023.nii.gz,PHYSIO,512,512,36,0.41210938,0.41210938,5.0,9437184,6737,0.0007138782077365451,-1017.9999389648438,2410.999983943999,-469.3664799068972,600.1706438224993,"0,1",-0.8491706848144531,False
PHYSIO_0024.nii.gz,PHYSIO,512,512,40,0.390625,0.390625,5.0,10485760,171,1.6307830810546876e-05,-1022.0000610351562,2282.000060264021,-683.3686075427789,484.2581479631186,"0,1",-0.7629394531249999,False
PHYSIO_0025.nii.gz,PHYSIO,512,512,33,0.4609375,0.4609375,5.0,8650752,13510,0.0015617139411695075,-1019.0,1940.9999993108213,-578.8241258776992,559.1456218725706,"0,1",-1.0623168945312498,False
PHYSIO_0026.nii.gz,PHYSIO,512,512,56,0.45117188,0.45117188,5.0,14680064,40228,0.0027403150285993305,-1024.0,2780.000060148537,-637.0148303479233,524.641295807146,"0,1",-1.0177803039550781,False
PHYSIO_0027.nii.gz,PHYSIO,512,512,34,0.41015625,0.41015625,5.0,8912896,2015,0.00022607691147748162,-1023.9999389648438,2789.999968595803,-461.34181637868943,599.8215996244577,"0,1",-0.8411407470703124,False
PHYSIO_0028.nii.gz,PHYSIO,512,512,37,0.44726562,0.44726562,5.0,9699328,3675,0.00037889222841005067,-1024.0,2924.0000601150095,-542.9744478078687,567.3950924739706,"0,1",-1.000232696533203,False
PHYSIO_0029.nii.gz,PHYSIO,512,512,52,0.44726562,0.44726562,5.0,13631488,4037,0.0002961525550255409,-1024.0000610351562,2728.000060159713,-491.8832578840265,573.9017403973752,"0,1",-1.000232696533203,False
PHYSIO_0030.nii.gz,PHYSIO,512,512,34,0.31445312,0.31445312,5.0,8912896,1508,0.00016919304342830882,-1024.0,1712.9999841041863,-675.7818900242975,462.48013141561455,"0,1",-0.49440383911132807,False
PHYSIO_0031.nii.gz,PHYSIO,512,512,37,0.4296875,0.4296875,5.0,9699328,3209,0.00033084766284839526,-1024.0,2992.999983806163,-670.9584644911546,494.304902134092,"0,1",-0.9231567382812499,False
PHYSIO_0032.nii.gz,PHYSIO,512,512,32,0.390625,0.390625,5.0,8388608,19255,0.002295374870300293,-1023.9999389648438,2803.9999991096556,-596.5987350888214,518.0448684374777,"0,1",-0.7629394531249999,False
PHYSIO_0033.nii.gz,PHYSIO,512,512,34,0.47851562,0.47851562,5.0,8912896,6470,0.0007259144502527573,-1023.9999389648438,2933.999968562275,-556.0392885169449,570.4791900274254,"0,1",-1.144886016845703,False
PHYSIO_0034.nii.gz,PHYSIO,512,512,42,0.44726562,0.44726562,5.0,11010048,7608,0.0006910051618303571,-1023.9999389648438,3046.999953277409,-590.3617593951499,540.7287293482995,"0,1",-1.000232696533203,False
PHYSIO_0035.nii.gz,PHYSIO,512,512,33,0.390625,0.390625,5.0,8650752,3184,0.00036806048768939394,-1017.0,3033.9999532811344,-611.4804876360434,538.6602918480742,"0,1",-0.7629394531249999,False
PHYSIO_0036.nii.gz,PHYSIO,512,512,37,0.46875,0.46875,5.0,9699328,5963,0.0006147848593222128,-1024.0,3071.0000143051147,-621.9156759290296,557.7043080499229,"0,1",-1.0986328125,False
PHYSIO_0037.nii.gz,PHYSIO,512,512,37,0.44726562,0.44726562,5.0,9699328,9008,0.0009287241342905405,-1024.0000610351562,2618.000029668212,-603.7392315233479,547.9880081231728,"0,1",-1.000232696533203,False
PHYSIO_0038.nii.gz,PHYSIO,512,512,38,0.41015625,0.41015625,5.0,9961472,1328,0.00013331363075657894,-1024.0,2863.9999990947545,-471.49752865361717,601.8026684486246,"0,1",-0.8411407470703124,False
PHYSIO_0039.nii.gz,PHYSIO,512,512,47,0.44335938,0.44335938,5.0,12320768,61575,0.004997659236826795,-1024.0,3071.0000143051147,-592.399766920661,541.755222135925,"0,1",-0.9828376770019531,False
PHYSIO_0040.nii.gz,PHYSIO,512,512,37,0.390625,0.390625,5.0,9699328,0,0.0,-1024.0,3071.0000143051147,-587.9878531597429,555.7240036751091,0,-0.7629394531249999,True
PHYSIO_0041.nii.gz,PHYSIO,512,512,37,0.40820312,0.40820312,5.0,9699328,0,0.0,-1024.0000610351562,2186.000029768795,-472.6674367954414,602.6481673671987,0,-0.8331489562988281,True
PHYSIO_0042.nii.gz,PHYSIO,512,512,33,0.43359375,0.43359375,5.0,8650752,6868,0.0007939194187973485,-1022.0,2801.9999991096556,-500.21302169927026,577.8590089362335,"0,1",-0.9400177001953123,False
PHYSIO_0043.nii.gz,PHYSIO,512,512,48,0.41796875,0.41796875,5.0,12582912,0,0.0,-1021.0,2532.9999686554074,-477.7621385671583,581.9102327025789,0,-0.8734893798828124,True
PHYSIO_0044.nii.gz,PHYSIO,512,512,33,0.4609375,0.4609375,5.0,8650752,0,0.0,-1024.0000610351562,2936.0000601112843,-598.1909747086091,549.1947837066992,0,-1.0623168945312498,True
PHYSIO_0045.nii.gz,PHYSIO,512,512,34,0.42382812,0.42382812,5.0,8912896,0,0.0,-1018.0000610351562,2880.0000296086073,-483.09642506236366,608.1749225824477,0,-0.8981513977050781,True
PHYSIO_0046.nii.gz,PHYSIO,512,512,35,0.390625,0.390625,5.0,9175040,0,0.0,-1024.0,3068.000060081482,-430.3438531388143,626.7442005973005,0,-0.7629394531249999,True
PHYSIO_0047.nii.gz,PHYSIO,512,512,37,0.40820312,0.40820312,5.0,9699328,0,0.0,-1023.9999389648438,3059.999999050051,-504.2215001841896,601.7588491282953,0,-0.8331489562988281,True
PHYSIO_0048.nii.gz,PHYSIO,512,512,40,0.43945312,0.43945312,5.0,10485760,0,0.0,-1023.0000610351562,3017.000060092658,-570.1312813532078,546.8472528835974,0,-0.965595245361328,True
PHYSIO_0049.nii.gz,PHYSIO,512,512,31,0.45507812,0.45507812,5.0,8126464,0,0.0,-1023.9999389648438,2150.9999534860253,-522.9851264358574,585.2361081205498,0,-1.0354804992675781,True
PHYSIO_0050.nii.gz,PHYSIO,512,512,34,0.44726562,0.44726562,5.0,8912896,0,0.0,-1024.0,2207.0000145062804,-644.1230468092924,540.3004539845215,0,-1.000232696533203,True
PHYSIO_0051.nii.gz,PHYSIO,512,512,36,0.421875,0.421875,5.0,9437184,0,0.0,-1021.0000610351562,2940.000044852495,-613.2700331164277,519.9378191032212,0,-0.8898925781249999,True
PHYSIO_0052.nii.gz,PHYSIO,512,512,37,0.41015625,0.41015625,5.0,9699328,0,0.0,-1024.0,2834.999953325838,-508.4649082930129,606.173588537116,0,-0.8411407470703124,True
PHYSIO_0053.nii.gz,PHYSIO,512,512,58,0.44140625,0.44140625,5.0,15204352,0,0.0,-1024.0000610351562,3067.0000143051147,-510.1104091071718,586.1642195339155,0,-0.9741973876953124,True
PHYSIO_0054.nii.gz,PHYSIO,512,512,33,0.41601562,0.41601562,5.0,8650752,0,0.0,-1016.9999389648438,2154.9999992623925,-458.94092865172473,639.7150010870259,0,-0.865345001220703,True
PHYSIO_0055.nii.gz,PHYSIO,512,512,33,0.453125,0.453125,5.0,8650752,0,0.0,-1024.0,3071.0000143051147,-527.3667217034796,606.1995440707387,0,-1.026611328125,True
PHYSIO_0056.nii.gz,PHYSIO,512,512,39,0.4375,0.4375,5.0,10223616,0,0.0,-1024.0,3071.0000143051147,-443.58605727731424,588.9737400359877,0,-0.95703125,True
PHYSIO_0057.nii.gz,PHYSIO,512,512,38,0.37890625,0.37890625,5.0,9961472,0,0.0,-1016.0000610351562,2625.000044927001,-586.7229727762134,535.3857264851345,0,-0.7178497314453124,True
PHYSIO_0058.nii.gz,PHYSIO,512,512,33,0.41796875,0.41796875,5.0,8650752,0,0.0,-1024.0,3070.000029563904,-502.49173016298664,609.117956913439,0,-0.8734893798828124,True
PHYSIO_0059.nii.gz,PHYSIO,512,512,32,0.42578125,0.42578125,5.0,8388608,0,0.0,-1022.9999389648438,2068.999999281019,-552.4636953944674,543.8421089545571,0,-0.9064483642578125,True
PHYSIO_0060.nii.gz,PHYSIO,512,512,38,0.42578125,0.42578125,5.0,9961472,0,0.0,-1024.0000610351562,3065.000044822693,-500.45155204905325,625.5248246699755,0,-0.9064483642578125,True
PHYSIO_0061.nii.gz,PHYSIO,512,512,36,0.45507812,0.45507812,5.0,9437184,0,0.0,-1024.0,2897.9999685697258,-597.8107017148532,568.2323549411967,0,-1.0354804992675781,True
PHYSIO_0062.nii.gz,PHYSIO,512,512,33,0.43945312,0.43945312,5.0,8650752,0,0.0,-1023.9999389648438,2083.9999992772937,-516.1657136829535,618.3810903627224,0,-0.965595245361328,True
PHYSIO_0063.nii.gz,PHYSIO,512,512,35,0.41796875,0.41796875,5.0,9175040,0,0.0,-1022.0,2195.9999687336385,-500.9783203329625,593.4661200863977,0,-0.8734893798828124,True
PHYSIO_0064.nii.gz,PHYSIO,512,512,36,0.48828125,0.48828125,5.0,9437184,0,0.0,-1023.9999389648438,2868.9999838359654,-659.6477278794545,533.1229083442335,0,-1.1920928955078125,True
PHYSIO_0065.nii.gz,PHYSIO,512,512,35,0.3984375,0.3984375,5.0,9175040,0,0.0,-1023.9999389648438,3059.999999050051,-482.5954736294073,624.7351246665537,0,-0.7937622070312499,True
PHYSIO_0066.nii.gz,PHYSIO,512,512,35,0.41015625,0.41015625,5.0,9175040,0,0.0,-1020.0,2035.9999992884696,-502.34218456012707,577.7989753103253,0,-0.8411407470703124,True
PHYSIO_0067.nii.gz,PHYSIO,512,512,32,0.39453125,0.39453125,5.0,8388608,0,0.0,-1024.0,2689.9999686181545,-629.0917070945175,508.02215659739556,0,-0.7782745361328124,True
PHYSIO_0068.nii.gz,PHYSIO,512,512,43,0.42773438,0.42773438,5.0,11272192,0,0.0,-1021.0000610351562,2955.000060107559,-537.83696672023,611.7479186828542,0,-0.914783477783203,True
PHYSIO_0069.nii.gz,PHYSIO,512,512,37,0.42773438,0.42773438,5.0,9699328,0,0.0,-1022.0,2848.000029616058,-528.045259903459,622.474921074989,0,-0.914783477783203,True
PHYSIO_0070.nii.gz,PHYSIO,512,512,43,0.44921875,0.44921875,5.0,11272192,0,0.0,-1024.0,3071.0000143051147,-540.1002546051967,566.7825223306855,0,-1.0089874267578123,True
PHYSIO_0071.nii.gz,PHYSIO,512,512,34,0.390625,0.390625,5.0,8912896,0,0.0,-1024.0,3071.0000143051147,-431.16329131471736,643.2656278848535,0,-0.7629394531249999,True
PHYSIO_0072.nii.gz,PHYSIO,512,512,36,0.390625,0.390625,5.0,9437184,0,0.0,-1020.0000610351562,2847.000014357269,-614.2697781017819,530.6696435331816,0,-0.7629394531249999,True
PHYSIO_0073.nii.gz,PHYSIO,512,512,35,0.41796875,0.41796875,5.0,9175040,0,0.0,-1023.9999389648438,3030.9999532811344,-558.8413293208911,580.5259527059513,0,-0.8734893798828124,True
PHYSIO_0074.nii.gz,PHYSIO,512,512,35,0.37109375,0.37109375,5.0,9175040,0,0.0,-1018.0,2021.9999992921948,-535.7690302501344,559.0057237363287,0,-0.6885528564453124,True
PHYSIO_0075.nii.gz,PHYSIO,512,512,36,0.44140625,0.44140625,5.0,9437184,0,0.0,-1020.0,2100.9999840147793,-566.4989301721674,581.3683324962352,0,-0.9741973876953124,True
