patient_id,dataset,is_lesion,fg_voxels,fg_pct,bbox_size,dist_to_center
Unknown,Unknown,False,0,0.0,0,
Unknown,Unknown,False,0,0.0,0,
Unknown,Unknown,True,52186,1.244211196899414,0,84.55785201569584
Unknown,Unknown,False,0,0.0,0,
Unknown,Unknown,True,3923,0.09353160858154297,0,127.59001932045972
Unknown,Unknown,True,46387,1.105952262878418,0,24.68674835991941
Unknown,Unknown,True,6032,0.1438140869140625,0,21.62202718807957
Unknown,Unknown,True,19029,0.4536867141723633,0,96.78999814372503
Unknown,Unknown,False,0,0.0,0,
Unknown,Unknown,True,1336,0.03185272216796875,0,93.535771572268
Unknown,Unknown,True,3163,0.07541179656982422,0,118.18627319019122
Unknown,Unknown,True,1548,0.036907196044921875,0,10.730474101419542
Unknown,Unknown,True,515,0.012278556823730469,0,35.84296952016866
Unknown,Unknown,False,0,0.0,0,
Unknown,Unknown,True,145312,3.464508056640625,0,82.48266510111864
Unknown,Unknown,True,6036,0.14390945434570312,0,68.8962422566649
Unknown,Unknown,True,2487,0.059294700622558594,0,66.62212665419828
Unknown,Unknown,False,0,0.0,0,
Unknown,Unknown,True,71701,1.7094850540161133,0,96.44650857756038
Unknown,Unknown,False,0,0.0,0,
Unknown,Unknown,True,5011,0.11947154998779297,0,20.60400627286101
Unknown,Unknown,True,1590,0.03790855407714844,0,17.43963770528443
Unknown,Unknown,True,108,0.002574920654296875,0,105.92538830270735
Unknown,Unknown,True,17026,0.4059314727783203,0,86.68022549680161
Unknown,Unknown,True,29278,0.6980419158935547,0,27.009384320488046
Unknown,Unknown,False,0,0.0,0,
Unknown,Unknown,True,40511,0.9658575057983398,0,72.08345617458644
Unknown,Unknown,True,116,0.002765655517578125,0,143.12126951164086
Unknown,Unknown,True,3371,0.08037090301513672,0,20.51861254012183
Unknown,Unknown,True,42614,1.0159969329833984,0,15.821630585996834
Unknown,Unknown,True,4903,0.1168966293334961,0,82.87996242262899
Unknown,Unknown,False,0,0.0,0,
Unknown,Unknown,True,46754,1.1147022247314453,0,20.20670804206136
Unknown,Unknown,False,0,0.0,0,
Unknown,Unknown,True,4553,0.1085519790649414,0,48.18687034008676
Unknown,Unknown,True,9194,0.21920204162597656,0,68.67383743569091
Unknown,Unknown,True,4039,0.0962972640991211,0,115.23686301942801
Unknown,Unknown,True,15820,0.3771781921386719,0,23.10082781999069
Unknown,Unknown,True,39529,0.9424448013305664,0,52.54924601615909
Unknown,Unknown,True,9513,0.2268075942993164,0,20.798549115765013
Unknown,Unknown,True,2800,0.0667572021484375,0,16.91307931374208
Unknown,Unknown,True,27740,0.6613731384277344,0,30.872210313666184
Unknown,Unknown,False,0,0.0,0,
Unknown,Unknown,True,30219,0.7204771041870117,0,5.857819345697415
Unknown,Unknown,True,17316,0.4128456115722656,0,69.62297851766219
Unknown,Unknown,False,0,0.0,0,
Unknown,Unknown,False,0,0.0,0,
Unknown,Unknown,True,8085,0.19276142120361328,0,63.03779453095919
Unknown,Unknown,True,20365,0.48553943634033203,0,52.899417327257176
Unknown,Unknown,True,125300,2.987384796142578,0,41.25006702573729
Unknown,Unknown,False,0,0.0,0,
Unknown,Unknown,True,2146,0.05116462707519531,0,79.52085441741711
Unknown,Unknown,False,0,0.0,0,
Unknown,Unknown,True,44064,1.050567626953125,0,22.488434969628635
Unknown,Unknown,False,0,0.0,0,
Unknown,Unknown,True,395,0.009417533874511719,0,145.0650673359151
Unknown,Unknown,True,1341,0.03197193145751953,0,95.22147970042353
Unknown,Unknown,True,4908,0.11701583862304688,0,11.172518026916443
Unknown,Unknown,True,4364,0.10404586791992188,0,44.104477583392885
Unknown,Unknown,True,32966,0.7859706878662109,0,38.649973569421064
Unknown,Unknown,False,0,0.0,0,
Unknown,Unknown,False,0,0.0,0,
Unknown,Unknown,True,362,0.008630752563476562,0,94.01763260207379
Unknown,Unknown,True,2852,0.06799697875976562,0,94.35814133847857
Unknown,Unknown,True,9367,0.2233266830444336,0,33.6394164307926
Unknown,Unknown,True,11196,0.2669334411621094,0,24.926670021293432
Unknown,Unknown,True,11478,0.27365684509277344,0,48.63908090811278
Unknown,Unknown,False,0,0.0,0,
Unknown,Unknown,False,0,0.0,0,
Unknown,Unknown,False,0,0.0,0,
Unknown,Unknown,True,690,0.016450881958007812,0,14.239092120665772
Unknown,Unknown,True,599,0.014281272888183594,0,14.270283188917242
Unknown,Unknown,True,11664,0.2780914306640625,0,24.69077811629986
Unknown,Unknown,True,23266,0.5547046661376953,0,98.3027991458456
Unknown,Unknown,False,0,0.0,0,
Unknown,Unknown,True,4703,0.11212825775146484,0,34.69798854975141
Unknown,Unknown,True,3069,0.07317066192626953,0,61.75344558355593
Unknown,Unknown,False,0,0.0,0,
Unknown,Unknown,True,348,0.008296966552734375,0,10.760949837634278
Unknown,Unknown,True,91223,2.1749258041381836,0,89.91175624103869
Unknown,Unknown,True,5781,0.13782978057861328,0,130.1604889589996
Unknown,Unknown,True,4948,0.11796951293945312,0,31.00835051799598
Unknown,Unknown,True,5031,0.1199483871459961,0,17.392362085658156
Unknown,Unknown,True,204,0.004863739013671875,0,114.22592339775744
Unknown,Unknown,True,6601,0.1573801040649414,0,118.80212752720364
Unknown,Unknown,False,0,0.0,0,
Unknown,Unknown,True,78,0.0018596649169921875,0,152.90006914073803
Unknown,Unknown,True,623,0.014853477478027344,0,98.25854036794101
Unknown,Unknown,True,14754,0.3517627716064453,0,60.55928108384753
Unknown,Unknown,True,15247,0.36351680755615234,0,52.19526082377017
Unknown,Unknown,False,0,0.0,0,
Unknown,Unknown,True,3940,0.09393692016601562,0,36.15351942671528
Unknown,Unknown,True,2387,0.05691051483154297,0,4.4683820859781145
Unknown,Unknown,True,462,0.011014938354492188,0,6.877749551399289
Unknown,Unknown,False,0,0.0,0,
Unknown,Unknown,True,26185,0.6242990493774414,0,24.119181167893018
Unknown,Unknown,True,1656,0.03948211669921875,0,109.21653599127256
Unknown,Unknown,False,0,0.0,0,
Unknown,Unknown,False,0,0.0,0,
Unknown,Unknown,True,50582,1.2059688568115234,0,41.08057465622421
Unknown,Unknown,True,2464,0.058746337890625,0,17.448798926376234
Unknown,Unknown,True,13895,0.3312826156616211,0,60.804197076628164
Unknown,Unknown,True,2667,0.06358623504638672,0,102.68508255608934
Unknown,Unknown,True,473,0.011277198791503906,0,117.96401009936656
Unknown,Unknown,True,219,0.005221366882324219,0,82.96766505656772
Unknown,Unknown,True,2260,0.053882598876953125,0,98.10237878897239
Unknown,Unknown,False,0,0.0,0,
Unknown,Unknown,True,3942,0.09398460388183594,0,98.1775400343737
Unknown,Unknown,True,68624,1.6361236572265625,0,97.98706284851511
Unknown,Unknown,True,24451,0.5829572677612305,0,63.29492628107166
Unknown,Unknown,True,11317,0.2698183059692383,0,29.27552629365926
Unknown,Unknown,True,98050,2.3376941680908203,0,81.30849944244378
Unknown,Unknown,True,1443,0.03440380096435547,0,77.83649941179318
Unknown,Unknown,True,392,0.00934600830078125,0,10.12510982414727
Unknown,Unknown,True,5337,0.1272439956665039,0,92.559968282335
Unknown,Unknown,True,8740,0.20837783813476562,0,80.6894238662544
Unknown,Unknown,True,10351,0.24678707122802734,0,41.128215750639086
Unknown,Unknown,True,30094,0.7174968719482422,0,100.63716766169098
Unknown,Unknown,True,10196,0.24309158325195312,0,32.57431764885336
Unknown,Unknown,True,8184,0.19512176513671875,0,38.005954149065346
Unknown,Unknown,True,17576,0.41904449462890625,0,47.60929075998868
Unknown,Unknown,True,8226,0.1961231231689453,0,57.712839892296685
Unknown,Unknown,True,47395,1.1299848556518555,0,51.14173554832842
Unknown,Unknown,True,24076,0.5740165710449219,0,62.35934343139011
Unknown,Unknown,True,10314,0.24590492248535156,0,32.96023023329276
Unknown,Unknown,True,552,0.01316070556640625,0,12.611740080126431
Unknown,Unknown,True,61803,1.4734983444213867,0,41.916153248102916
Unknown,Unknown,True,25836,0.6159782409667969,0,73.87854840503165
Unknown,Unknown,True,1621,0.03864765167236328,0,61.269324684401006
Unknown,Unknown,True,8753,0.20868778228759766,0,100.99551930254842
Unknown,Unknown,True,20763,0.4950284957885742,0,29.30249744113053
Unknown,Unknown,True,389,0.009274482727050781,0,13.5699893095551
Unknown,Unknown,True,103,0.0024557113647460938,0,5.786270684705164
Unknown,Unknown,True,714,0.017023086547851562,0,50.91182720737259
Unknown,Unknown,True,13057,0.31130313873291016,0,104.08423148726246
Unknown,Unknown,True,54721,1.3046503067016602,0,65.22478047546531
Unknown,Unknown,False,0,0.0,0,
Unknown,Unknown,False,0,0.0,0,
Unknown,Unknown,False,0,0.0,0,
Unknown,Unknown,True,5563,0.13263225555419922,0,32.47142179858303
Unknown,Unknown,True,8543,0.20368099212646484,0,73.73069740568398
Unknown,Unknown,True,1143,0.027251243591308594,0,32.750678316274026
Unknown,Unknown,True,64930,1.5480518341064453,0,50.51106847852725
Unknown,Unknown,True,8384,0.19989013671875,0,62.2545435370256
Unknown,Unknown,False,0,0.0,0,
Unknown,Unknown,True,944,0.0225067138671875,0,20.8961116375759
Unknown,Unknown,True,76288,1.81884765625,0,28.264598423678773
Unknown,Unknown,True,314,0.0074863433837890625,0,150.36844070935192
Unknown,Unknown,True,2205,0.05257129669189453,0,115.92440624092836
Unknown,Unknown,True,1367,0.032591819763183594,0,52.13934398679129
Unknown,Unknown,True,302,0.0072002410888671875,0,35.8092917973458
Unknown,Unknown,True,47245,1.126408576965332,0,93.36906739433347
Unknown,Unknown,True,22642,0.5398273468017578,0,24.238032082542894
Unknown,Unknown,True,5924,0.14123916625976562,0,103.8546083849128
Unknown,Unknown,False,0,0.0,0,
Unknown,Unknown,False,0,0.0,0,
Unknown,Unknown,True,560,0.0133514404296875,0,7.213019074283718
Unknown,Unknown,False,0,0.0,0,
Unknown,Unknown,True,5460,0.13017654418945312,0,98.35313568360816
Unknown,Unknown,True,96,0.002288818359375,0,48.400698768788345
Unknown,Unknown,False,0,0.0,0,
Unknown,Unknown,True,16051,0.38268566131591797,0,48.28604707628929
Unknown,Unknown,True,7367,0.1756429672241211,0,37.581819173105075
Unknown,Unknown,True,7961,0.1898050308227539,0,94.09936629992205
Unknown,Unknown,False,0,0.0,0,
Unknown,Unknown,False,0,0.0,0,
Unknown,Unknown,True,10883,0.25947093963623047,0,13.66354188486509
Unknown,Unknown,True,415,0.009894371032714844,0,30.854276574629914
Unknown,Unknown,True,46229,1.1021852493286133,0,37.16133375653837
Unknown,Unknown,True,9399,0.2240896224975586,0,49.61774239837699
Unknown,Unknown,True,13994,0.33364295959472656,0,42.10556320131573
Unknown,Unknown,True,1113,0.026535987854003906,0,30.707264015459142
Unknown,Unknown,True,3593,0.0856637954711914,0,84.20481376046897
Unknown,Unknown,True,8544,0.203704833984375,0,81.72868996365814
Unknown,Unknown,False,0,0.0,0,
Unknown,Unknown,True,10231,0.2439260482788086,0,62.119562576395744
Unknown,Unknown,True,13725,0.32722949981689453,0,71.78278044884756
Unknown,Unknown,True,141,0.0033617019653320312,0,118.17582480991916
Unknown,Unknown,False,0,0.0,0,
Unknown,Unknown,True,3665,0.08738040924072266,0,18.94258610119416
Unknown,Unknown,False,0,0.0,0,
Unknown,Unknown,False,0,0.0,0,
Unknown,Unknown,True,8365,0.19943714141845703,0,19.6932534491015
Unknown,Unknown,True,19790,0.4718303680419922,0,36.87793965657496
Unknown,Unknown,False,0,0.0,0,
Unknown,Unknown,True,8325,0.19848346710205078,0,10.751948710101056
Unknown,Unknown,True,7522,0.1793384552001953,0,46.527198652944044
Unknown,Unknown,True,545,0.012993812561035156,0,14.243361705436316
Unknown,Unknown,True,3219,0.07674694061279297,0,10.260496179125234
Unknown,Unknown,True,3440,0.0820159912109375,0,29.86379350048999
Unknown,Unknown,True,397,0.009465217590332031,0,79.06965573896284
Unknown,Unknown,True,8151,0.1943349838256836,0,52.00346279318982
Unknown,Unknown,True,2770,0.06604194641113281,0,9.514352577831305
Unknown,Unknown,True,8761,0.2088785171508789,0,12.730176982675346
Unknown,Unknown,False,0,0.0,0,
Unknown,Unknown,True,3498,0.08339881896972656,0,26.576202641146992
Unknown,Unknown,True,265,0.006318092346191406,0,6.150380341292635
Unknown,Unknown,True,1773,0.04227161407470703,0,3.726126941909224
Unknown,Unknown,True,14318,0.3413677215576172,0,102.75832345598377
Unknown,Unknown,True,8504,0.20275115966796875,0,115.83705599342693
Unknown,Unknown,True,109858,2.6192188262939453,0,19.623551608538833
Unknown,Unknown,True,3721,0.0887155532836914,0,39.95729983339853
Unknown,Unknown,True,5338,0.12726783752441406,0,101.83988910633485
Unknown,Unknown,True,17680,0.4215240478515625,0,53.17057199937691
Unknown,Unknown,True,3592,0.08563995361328125,0,126.00450797715655
Unknown,Unknown,False,0,0.0,0,
Unknown,Unknown,True,551,0.013136863708496094,0,89.31572790109983
Unknown,Unknown,True,62779,1.4967679977416992,0,41.52196854715174
Unknown,Unknown,True,53945,1.286149024963379,0,12.935815207868892
Unknown,Unknown,True,8936,0.21305084228515625,0,48.0912904588039
Unknown,Unknown,False,0,0.0,0,
Unknown,Unknown,True,226,0.0053882598876953125,0,154.57307341709478
Unknown,Unknown,True,1733,0.04131793975830078,0,86.83968232446162
Unknown,Unknown,False,0,0.0,0,
Unknown,Unknown,True,4629,0.11036396026611328,0,62.11566576164172
Unknown,Unknown,True,51100,1.2183189392089844,0,30.06473284889126
Unknown,Unknown,True,4491,0.10707378387451172,0,107.69553369156702
Unknown,Unknown,True,26882,0.6409168243408203,0,49.5895721524307
Unknown,Unknown,True,13474,0.3212451934814453,0,39.95802022108221
Unknown,Unknown,True,29285,0.6982088088989258,0,29.466174308829668
Unknown,Unknown,True,627,0.014948844909667969,0,28.00340970437085
Unknown,Unknown,True,4428,0.10557174682617188,0,22.563260657146206
Unknown,Unknown,True,17400,0.41484832763671875,0,37.25944843950896
Unknown,Unknown,False,0,0.0,0,
Unknown,Unknown,True,3476,0.08287429809570312,0,29.16247625014135
Unknown,Unknown,True,10222,0.2437114715576172,0,31.828261548660773
Unknown,Unknown,True,7180,0.17118453979492188,0,84.06600263097246
Unknown,Unknown,True,24451,0.5829572677612305,0,54.669452770421174
Unknown,Unknown,True,8893,0.21202564239501953,0,120.03965113347613
Unknown,Unknown,False,0,0.0,0,
Unknown,Unknown,True,15009,0.35784244537353516,0,77.62024063805346
Unknown,Unknown,True,6032,0.1438140869140625,0,23.87871794169935
Unknown,Unknown,True,3721,0.0887155532836914,0,37.40691347286512
Unknown,Unknown,True,8761,0.2088785171508789,0,10.277984126618144
Unknown,Unknown,False,0,0.0,0,
Unknown,Unknown,False,0,0.0,0,
Unknown,Unknown,True,107387,2.560305595397949,0,51.595560580569575
Unknown,Unknown,False,0,0.0,0,
Unknown,Unknown,True,14978,0.3571033477783203,0,36.644944470136934
Unknown,Unknown,False,0,0.0,0,
Unknown,Unknown,True,36847,0.8785009384155273,0,68.46836979809873
Unknown,Unknown,True,17104,0.4077911376953125,0,21.611668332222877
Unknown,Unknown,True,18989,0.45273303985595703,0,99.14809056279225
Unknown,Unknown,True,9574,0.22826194763183594,0,85.61227081851055
Unknown,Unknown,True,11479,0.2736806869506836,0,44.964751192597056
Unknown,Unknown,True,3067,0.07312297821044922,0,62.57594509587456
Unknown,Unknown,False,0,0.0,0,
Unknown,Unknown,False,0,0.0,0,
Unknown,Unknown,True,522,0.012445449829101562,0,10.361537445637165
Unknown,Unknown,True,3940,0.09393692016601562,0,47.219351883348295
Unknown,Unknown,True,542,0.012922286987304688,0,53.15472050934184
Unknown,Unknown,True,204,0.004863739013671875,0,125.55503112187628
Unknown,Unknown,True,1543,0.036787986755371094,0,29.11090856754562
Unknown,Unknown,False,0,0.0,0,
Unknown,Unknown,True,96424,2.2989273071289062,0,63.77366159740106
Unknown,Unknown,True,533,0.012707710266113281,0,11.075712140845814
Unknown,Unknown,True,2566,0.06117820739746094,0,103.89224416635534
Unknown,Unknown,False,0,0.0,0,
Unknown,Unknown,False,0,0.0,0,
Unknown,Unknown,True,10820,0.2579689025878906,0,16.564575771209313
Unknown,Unknown,True,11380,0.2713203430175781,0,44.45107223074063
Unknown,Unknown,True,8387,0.19996166229248047,0,68.00006181427804
Unknown,Unknown,True,2872,0.06847381591796875,0,5.243576476585742
Unknown,Unknown,True,702,0.016736984252929688,0,8.58834851308333
Unknown,Unknown,True,8604,0.20513534545898438,0,60.089731291170544
Unknown,Unknown,False,0,0.0,0,
Unknown,Unknown,True,3451,0.08227825164794922,0,38.73798425378695
Unknown,Unknown,False,0,0.0,0,
Unknown,Unknown,True,20466,0.4879474639892578,0,28.373158475037894
Unknown,Unknown,True,47879,1.141524314880371,0,62.06687104609789
Unknown,Unknown,True,6109,0.14564990997314453,0,29.711692972922275
Unknown,Unknown,False,0,0.0,0,
Unknown,Unknown,False,0,0.0,0,
Unknown,Unknown,False,0,0.0,0,
Unknown,Unknown,True,16982,0.40488243103027344,0,145.40837876647134
Unknown,Unknown,True,248,0.00591278076171875,0,62.023830170664496
Unknown,Unknown,True,1907,0.04546642303466797,0,5.349308079096966
Unknown,Unknown,False,0,0.0,0,
Unknown,Unknown,False,0,0.0,0,
Unknown,Unknown,True,59323,1.4143705368041992,0,39.2465291693465
Unknown,Unknown,True,3440,0.0820159912109375,0,29.86379350048999
Unknown,Unknown,True,35582,0.8483409881591797,0,62.12732095913324
Unknown,Unknown,True,15873,0.37844181060791016,0,91.66911798027796
Unknown,Unknown,False,0,0.0,0,
Unknown,Unknown,True,752,0.0179290771484375,0,114.05080844580822
Unknown,Unknown,True,406,0.009679794311523438,0,13.234207901739286
Unknown,Unknown,True,43741,1.0428667068481445,0,72.3349989354929
Unknown,Unknown,True,78044,1.8607139587402344,0,42.273787328917145
Unknown,Unknown,True,3857,0.09195804595947266,0,48.19612633665322
Unknown,Unknown,False,0,0.0,0,
Unknown,Unknown,True,3126,0.07452964782714844,0,11.548631641753143
Unknown,Unknown,False,0,0.0,0,
Unknown,Unknown,True,16,0.0003814697265625,0,133.76067422359233
Unknown,Unknown,True,15022,0.3581523895263672,0,68.15881893943109
Unknown,Unknown,True,392,0.00934600830078125,0,106.4868611328484
Unknown,Unknown,True,43221,1.0304689407348633,0,59.78634024992812
Unknown,Unknown,True,21,0.0005006790161132812,0,153.4668166250212
Unknown,Unknown,True,60707,1.4473676681518555,0,21.456270904510163
Unknown,Unknown,True,546,0.013017654418945312,0,56.659494002982385
Unknown,Unknown,False,0,0.0,0,
Unknown,Unknown,False,0,0.0,0,
Unknown,Unknown,True,5737,0.1367807388305664,0,57.037353203827074
Unknown,Unknown,True,664,0.01583099365234375,0,6.989476825934181
Unknown,Unknown,True,2827,0.06740093231201172,0,122.71347417976082
Unknown,Unknown,True,14754,0.3517627716064453,0,47.432195960390395
Unknown,Unknown,True,26482,0.6313800811767578,0,3.244526142031154
Unknown,Unknown,True,59455,1.4175176620483398,0,71.8604519841046
Unknown,Unknown,False,0,0.0,0,
Unknown,Unknown,True,3078,0.07338523864746094,0,56.08623914577579
Unknown,Unknown,True,1353,0.032258033752441406,0,39.47642585280997
Unknown,Unknown,True,20151,0.4804372787475586,0,21.64725875190977
Unknown,Unknown,True,8740,0.20837783813476562,0,22.15790223659832
Unknown,Unknown,False,0,0.0,0,
Unknown,Unknown,True,10231,0.2439260482788086,0,13.89163987592943
Unknown,Unknown,True,3219,0.07674694061279297,0,21.902181394323417
Unknown,Unknown,True,27557,0.6570100784301758,0,76.51184906713038
Unknown,Unknown,False,0,0.0,0,
Unknown,Unknown,True,116,0.002765655517578125,0,157.95320516351035
Unknown,Unknown,True,20155,0.4805326461791992,0,127.01478201705996
Unknown,Unknown,True,8310,0.19812583923339844,0,19.78644951929865
Unknown,Unknown,True,14850,0.3540515899658203,0,19.120640607816835
Unknown,Unknown,True,627,0.014948844909667969,0,70.24165335290068
Unknown,Unknown,False,0,0.0,0,
Unknown,Unknown,True,20391,0.4861593246459961,0,86.01343460516472
Unknown,Unknown,True,327,0.007796287536621094,0,16.36719841367261
Unknown,Unknown,True,463,0.011038780212402344,0,69.29197240475382
Unknown,Unknown,True,6508,0.15516281127929688,0,26.7458709874384
Unknown,Unknown,False,0,0.0,0,
Unknown,Unknown,True,68019,1.621699333190918,0,27.694872311941307
Unknown,Unknown,True,2180,0.051975250244140625,0,122.88611483936985
Unknown,Unknown,True,3140,0.07486343383789062,0,37.77202774942417
Unknown,Unknown,True,775,0.018477439880371094,0,121.9310021669566
Unknown,Unknown,True,4023,0.0959157943725586,0,84.11344282845663
Unknown,Unknown,True,510,0.012159347534179688,0,149.45445602560918
Unknown,Unknown,True,11664,0.2780914306640625,0,30.451232485353103
Unknown,Unknown,True,1618,0.03857612609863281,0,118.33663310689406
Unknown,Unknown,False,0,0.0,0,
Unknown,Unknown,True,3421,0.08156299591064453,0,34.088878635021366
Unknown,Unknown,True,4737,0.11293888092041016,0,97.99042946009075
Unknown,Unknown,False,0,0.0,0,
Unknown,Unknown,True,706,0.016832351684570312,0,101.12103415115953
Unknown,Unknown,True,2945,0.07021427154541016,0,109.48262086383086
Unknown,Unknown,True,925,0.02205371856689453,0,115.41215732272029
Unknown,Unknown,True,10415,0.24831295013427734,0,93.4517288220873
Unknown,Unknown,True,3385,0.0807046890258789,0,14.732854839395083
Unknown,Unknown,True,40976,0.9769439697265625,0,40.14199438522754
Unknown,Unknown,True,1080,0.02574920654296875,0,158.142849732018
Unknown,Unknown,False,0,0.0,0,
Unknown,Unknown,True,113126,2.697134017944336,0,86.94351582039397
Unknown,Unknown,True,17652,0.4208564758300781,0,58.58769923712375
Unknown,Unknown,True,25643,0.6113767623901367,0,46.61954628244022
Unknown,Unknown,True,16854,0.40183067321777344,0,52.189017515439
Unknown,Unknown,False,0,0.0,0,
Unknown,Unknown,True,105,0.0025033950805664062,0,7.351573366834001
Unknown,Unknown,True,2827,0.06740093231201172,0,12.747290233846696
Unknown,Unknown,True,8118,0.19354820251464844,0,33.655976600603296
Unknown,Unknown,True,2853,0.06802082061767578,0,39.43872661822075
Unknown,Unknown,True,300,0.007152557373046875,0,72.03076773276058
Unknown,Unknown,True,1142,0.027227401733398438,0,15.34759009480225
Unknown,Unknown,False,0,0.0,0,
Unknown,Unknown,True,60034,1.4313220977783203,0,33.40929863495247
Unknown,Unknown,True,31099,0.7414579391479492,0,26.558926934120027
Unknown,Unknown,False,0,0.0,0,
Unknown,Unknown,True,1341,0.03197193145751953,0,7.721224168576664
Unknown,Unknown,False,0,0.0,0,
Unknown,Unknown,True,11813,0.2816438674926758,0,132.60141022311575
Unknown,Unknown,True,11478,0.27365684509277344,0,47.397336646828734
Unknown,Unknown,False,0,0.0,0,
Unknown,Unknown,True,372,0.008869171142578125,0,41.715881069585365
Unknown,Unknown,True,4553,0.1085519790649414,0,52.46865244163865
Unknown,Unknown,True,5288,0.12607574462890625,0,23.90846432416313
Unknown,Unknown,True,3313,0.07898807525634766,0,120.72293799244063
Unknown,Unknown,True,9678,0.2307415008544922,0,87.39431783887808
Unknown,Unknown,False,0,0.0,0,
Unknown,Unknown,True,2315,0.05519390106201172,0,53.38671193654269
Unknown,Unknown,True,8226,0.1961231231689453,0,50.962683070419736
Unknown,Unknown,True,7162,0.17075538635253906,0,127.19002285170028
Unknown,Unknown,False,0,0.0,0,
Unknown,Unknown,True,50367,1.2008428573608398,0,51.0136853155741
Unknown,Unknown,True,19840,0.4730224609375,0,82.59453596850443
Unknown,Unknown,False,0,0.0,0,
Unknown,Unknown,True,2174,0.05183219909667969,0,86.05674594525709
Unknown,Unknown,False,0,0.0,0,
Unknown,Unknown,True,1827,0.04355907440185547,0,70.98933377008741
Unknown,Unknown,True,12420,0.2961158752441406,0,64.9699988646224
Unknown,Unknown,True,11441,0.27277469635009766,0,47.34265644814962
Unknown,Unknown,True,20359,0.4853963851928711,0,31.307760328776787
Unknown,Unknown,True,1673,0.039887428283691406,0,97.0891867693695
Unknown,Unknown,True,7367,0.1756429672241211,0,106.33193910935222
Unknown,Unknown,True,219,0.005221366882324219,0,48.13393431290246
Unknown,Unknown,True,62324,1.4859199523925781,0,24.539120550692417
Unknown,Unknown,False,0,0.0,0,
Unknown,Unknown,True,4054,0.09665489196777344,0,47.02312456683158
Unknown,Unknown,True,13828,0.3296852111816406,0,35.84637503732746
Unknown,Unknown,False,0,0.0,0,
Unknown,Unknown,True,330,0.007867813110351562,0,105.86497782615524
Unknown,Unknown,True,7758,0.1849651336669922,0,17.1576811619619
Unknown,Unknown,True,2485,0.05924701690673828,0,108.23145994166221
Unknown,Unknown,True,31102,0.7415294647216797,0,21.71782011344172
Unknown,Unknown,True,97,0.0023126602172851562,0,13.032244662369209
Unknown,Unknown,True,35355,0.8429288864135742,0,35.0168199292475
Unknown,Unknown,True,3544,0.08449554443359375,0,116.7298813972771
Unknown,Unknown,True,8136,0.19397735595703125,0,29.32146064777105
Unknown,Unknown,True,4539,0.10821819305419922,0,121.03741037511085
Unknown,Unknown,True,12262,0.29234886169433594,0,43.757591987884794
Unknown,Unknown,False,0,0.0,0,
Unknown,Unknown,True,5770,0.13756752014160156,0,35.410565416700656
Unknown,Unknown,True,12252,0.2921104431152344,0,72.48143908176294
Unknown,Unknown,False,0,0.0,0,
Unknown,Unknown,True,18636,0.4443168640136719,0,98.43562544718823
Unknown,Unknown,True,16906,0.40307044982910156,0,28.221201095878712
Unknown,Unknown,True,555,0.013232231140136719,0,7.692718315779965
Unknown,Unknown,True,11736,0.27980804443359375,0,35.85114646603114
Unknown,Unknown,True,3687,0.0879049301147461,0,80.3360715714782
Unknown,Unknown,True,4360,0.10395050048828125,0,42.514550087464855
Unknown,Unknown,True,472,0.01125335693359375,0,128.89201808946223
Unknown,Unknown,True,4792,0.11425018310546875,0,33.291959850201735
Unknown,Unknown,True,204,0.004863739013671875,0,96.63871931164846
Unknown,Unknown,True,26023,0.6204366683959961,0,42.057381006313406
Unknown,Unknown,True,4785,0.11408329010009766,0,16.302468663868687
Unknown,Unknown,True,1652,0.039386749267578125,0,106.1926184945065
Unknown,Unknown,True,54748,1.3052940368652344,0,56.12642309564104
Unknown,Unknown,True,14065,0.33533573150634766,0,10.530837066562336
Unknown,Unknown,True,13471,0.32117366790771484,0,53.20341717386987
Unknown,Unknown,True,2504,0.05970001220703125,0,21.122288640034302
Unknown,Unknown,True,2096,0.0499725341796875,0,32.41048967814786
Unknown,Unknown,True,70889,1.6901254653930664,0,45.805263761102616
Unknown,Unknown,True,342,0.008153915405273438,0,122.28002211719861
Unknown,Unknown,True,4511,0.10755062103271484,0,39.975508907842936
Unknown,Unknown,True,61,0.0014543533325195312,0,162.0948084513138
Unknown,Unknown,True,91079,2.171492576599121,0,45.05734976705687
Unknown,Unknown,True,1875,0.04470348358154297,0,81.28727166104058
Unknown,Unknown,True,11684,0.2785682678222656,0,12.792846406756048
Unknown,Unknown,False,0,0.0,0,
Unknown,Unknown,True,45385,1.0820627212524414,0,13.499395384377326
Unknown,Unknown,False,0,0.0,0,
Unknown,Unknown,True,5031,0.1199483871459961,0,13.36061349367717
Unknown,Unknown,True,2972,0.07085800170898438,0,28.439103182423302
Unknown,Unknown,True,19215,0.45812129974365234,0,60.59264548839866
Unknown,Unknown,False,0,0.0,0,
Unknown,Unknown,True,10982,0.26183128356933594,0,80.33685150841396
Unknown,Unknown,True,48710,1.161336898803711,0,41.70218637170938
Unknown,Unknown,True,24079,0.5740880966186523,0,32.15344095910527
Unknown,Unknown,True,166,0.0039577484130859375,0,4.444022091083333
Unknown,Unknown,True,9967,0.23763179779052734,0,29.473851950274092
Unknown,Unknown,True,18194,0.4337787628173828,0,64.36325153592477
Unknown,Unknown,True,1892,0.045108795166015625,0,80.9660498976475
Unknown,Unknown,False,0,0.0,0,
Unknown,Unknown,True,11547,0.2753019332885742,0,49.872579506841376
Unknown,Unknown,True,3778,0.09007453918457031,0,87.99375337093652
Unknown,Unknown,True,5460,0.13017654418945312,0,104.40264399103471
Unknown,Unknown,True,103,0.0024557113647460938,0,6.506601257534906
Unknown,Unknown,True,5031,0.1199483871459961,0,17.392362085658156
Unknown,Unknown,False,0,0.0,0,
Unknown,Unknown,True,4125,0.09834766387939453,0,83.78638350790044
Unknown,Unknown,True,15878,0.37856101989746094,0,72.68993158413195
Unknown,Unknown,True,8716,0.20780563354492188,0,31.852509583728054
Unknown,Unknown,False,0,0.0,0,
Unknown,Unknown,False,0,0.0,0,
Unknown,Unknown,False,0,0.0,0,
Unknown,Unknown,True,3003,0.07159709930419922,0,113.91080987809222
Unknown,Unknown,True,39021,0.930333137512207,0,21.601981166569985
Unknown,Unknown,True,161,0.0038385391235351562,0,40.415054777524745
Unknown,Unknown,True,9578,0.22835731506347656,0,27.820723043091352
Unknown,Unknown,True,10353,0.24683475494384766,0,38.75642007911637
Unknown,Unknown,True,1835,0.04374980926513672,0,99.33366928601328
Unknown,Unknown,True,32528,0.7755279541015625,0,17.071871011233462
Unknown,Unknown,False,0,0.0,0,
Unknown,Unknown,True,163,0.0038862228393554688,0,116.22129682322928
Unknown,Unknown,True,104356,2.4880409240722656,0,47.03001055915494
Unknown,Unknown,False,0,0.0,0,
Unknown,Unknown,False,0,0.0,0,
Unknown,Unknown,True,4632,0.11043548583984375,0,85.78970895665182
Unknown,Unknown,True,15771,0.3760099411010742,0,86.52881482244847
Unknown,Unknown,False,0,0.0,0,
Unknown,Unknown,True,5946,0.14176368713378906,0,15.424093968731526
Unknown,Unknown,True,9636,0.22974014282226562,0,79.15545834660686
Unknown,Unknown,True,416,0.009918212890625,0,90.8561210378704
Unknown,Unknown,True,2436,0.058078765869140625,0,23.42647048729955
Unknown,Unknown,False,0,0.0,0,
Unknown,Unknown,True,837,0.01995563507080078,0,154.92103214672522
Unknown,Unknown,False,0,0.0,0,
Unknown,Unknown,True,4720,0.1125335693359375,0,35.03781389976806
Unknown,Unknown,True,59763,1.424860954284668,0,28.74875832885235
Unknown,Unknown,False,0,0.0,0,
Unknown,Unknown,True,3852,0.09183883666992188,0,118.84498476599494
Unknown,Unknown,True,1247,0.029730796813964844,0,98.47682698855641
Unknown,Unknown,True,122,0.0029087066650390625,0,12.304012947572984
Unknown,Unknown,False,0,0.0,0,
Unknown,Unknown,False,0,0.0,0,
Unknown,Unknown,True,16585,0.3954172134399414,0,42.46756536415499
Unknown,Unknown,True,1350,0.03218650817871094,0,23.060476675891607
Unknown,Unknown,True,411,0.009799003601074219,0,21.420535878899088
Unknown,Unknown,True,43589,1.0392427444458008,0,63.74593690297049
Unknown,Unknown,False,0,0.0,0,
Unknown,Unknown,True,31297,0.7461786270141602,0,32.89863165574175
Unknown,Unknown,True,10838,0.25839805603027344,0,42.36365713575714
Unknown,Unknown,True,21212,0.5057334899902344,0,105.57515838239237
Unknown,Unknown,True,290,0.0069141387939453125,0,28.625623349424256
Unknown,Unknown,True,11295,0.26929378509521484,0,45.080395730921936
Unknown,Unknown,True,8148,0.19426345825195312,0,57.6401683450642
Unknown,Unknown,True,8574,0.2044200897216797,0,74.44682820797775
Unknown,Unknown,True,555,0.013232231140136719,0,2.318627870772722
Unknown,Unknown,True,7758,0.1849651336669922,0,19.88586662058102
Unknown,Unknown,True,48250,1.150369644165039,0,28.135947751438966
Unknown,Unknown,False,0,0.0,0,
Unknown,Unknown,False,0,0.0,0,
Unknown,Unknown,True,367,0.008749961853027344,0,109.57663058289631
Unknown,Unknown,True,15020,0.3581047058105469,0,46.2317237197143
Unknown,Unknown,True,2101,0.05009174346923828,0,58.661838148712874
Unknown,Unknown,True,348,0.008296966552734375,0,13.031538306233504
Unknown,Unknown,False,0,0.0,0,
Unknown,Unknown,True,4647,0.1107931137084961,0,16.97818840783788
Unknown,Unknown,True,55415,1.3211965560913086,0,40.91083350710486
Unknown,Unknown,False,0,0.0,0,
Unknown,Unknown,True,6271,0.14951229095458984,0,106.36600170146998
Unknown,Unknown,True,11774,0.2807140350341797,0,6.47454877243549
Unknown,Unknown,False,0,0.0,0,
Unknown,Unknown,False,0,0.0,0,
Unknown,Unknown,True,16906,0.40307044982910156,0,22.049600847058812
Unknown,Unknown,True,6128,0.1461029052734375,0,42.14042728788416
Unknown,Unknown,False,0,0.0,0,
Unknown,Unknown,True,59015,1.407027244567871,0,21.613106171547695
Unknown,Unknown,True,10038,0.23932456970214844,0,87.7554599305915
Unknown,Unknown,False,0,0.0,0,
Unknown,Unknown,True,392,0.00934600830078125,0,88.14703666389059
Unknown,Unknown,True,866,0.020647048950195312,0,114.92832808868248
Unknown,Unknown,True,19427,0.46317577362060547,0,51.25125704885455
Unknown,Unknown,False,0,0.0,0,
Unknown,Unknown,True,26505,0.6319284439086914,0,2.9456687985234042
Unknown,Unknown,False,0,0.0,0,
Unknown,Unknown,True,3689,0.0879526138305664,0,61.224959958288935
Unknown,Unknown,True,18000,0.4291534423828125,0,72.54469964102161
Unknown,Unknown,True,33167,0.7907629013061523,0,87.96175450426226
Unknown,Unknown,True,32209,0.7679224014282227,0,93.8101113385782
Unknown,Unknown,True,11664,0.2780914306640625,0,7.680517676163285
Unknown,Unknown,False,0,0.0,0,
Unknown,Unknown,True,423,0.010085105895996094,0,38.737649863659094
Unknown,Unknown,True,14850,0.3540515899658203,0,8.802726644306745
Unknown,Unknown,True,470,0.011205673217773438,0,56.14770441300881
Unknown,Unknown,True,1341,0.03197193145751953,0,91.60042214668802
Unknown,Unknown,False,0,0.0,0,
Unknown,Unknown,True,2725,0.06496906280517578,0,27.107713797235533
Unknown,Unknown,True,26249,0.6258249282836914,0,17.468531952683474
Unknown,Unknown,True,5419,0.12919902801513672,0,138.53570010448038
Unknown,Unknown,True,2785,0.06639957427978516,0,11.884766060777533
Unknown,Unknown,True,116,0.002765655517578125,0,140.13653841604304
Unknown,Unknown,True,130,0.0030994415283203125,0,134.20654384658636
Unknown,Unknown,True,24374,0.5811214447021484,0,30.26763223705316
Unknown,Unknown,True,2524,0.060176849365234375,0,24.053213017912945
Unknown,Unknown,True,43681,1.0414361953735352,0,46.21395764109492
Unknown,Unknown,True,10327,0.2462148666381836,0,87.62018640009555
Unknown,Unknown,True,12997,0.3098726272583008,0,22.933430273543166
Unknown,Unknown,True,729,0.017380714416503906,0,27.287866904882907
Unknown,Unknown,False,0,0.0,0,
Unknown,Unknown,True,61266,1.4606952667236328,0,20.974506861000734
Unknown,Unknown,False,0,0.0,0,
Unknown,Unknown,True,29904,0.7129669189453125,0,29.829629348346476
Unknown,Unknown,True,77413,1.8456697463989258,0,25.906284070219442
Unknown,Unknown,True,10883,0.25947093963623047,0,76.15251673171306
Unknown,Unknown,True,262991,6.270194053649902,0,37.251921670104224
Unknown,Unknown,True,7385,0.1760721206665039,0,46.42425087622684
Unknown,Unknown,False,0,0.0,0,
Unknown,Unknown,False,0,0.0,0,
Unknown,Unknown,True,3440,0.0820159912109375,0,56.08160423114112
Unknown,Unknown,True,397,0.009465217590332031,0,54.624594040668036
Unknown,Unknown,False,0,0.0,0,
Unknown,Unknown,True,7592,0.18100738525390625,0,96.98495621876685
Unknown,Unknown,True,25044,0.5970954895019531,0,45.69486086022764
Unknown,Unknown,True,1644,0.039196014404296875,0,17.092065563883743
Unknown,Unknown,True,72306,1.7239093780517578,0,38.563313688172975
Unknown,Unknown,True,24605,0.5866289138793945,0,53.89091145475139
Unknown,Unknown,True,1687,0.040221214294433594,0,74.63995584655252
Unknown,Unknown,True,2686,0.06403923034667969,0,126.41198418600729
Unknown,Unknown,True,14470,0.34499168395996094,0,48.12737660440621
Unknown,Unknown,True,754,0.017976760864257812,0,51.15886501720079
Unknown,Unknown,False,0,0.0,0,
Unknown,Unknown,True,76710,1.828908920288086,0,43.233637467008194
Unknown,Unknown,True,135,0.0032186508178710938,0,141.61309654123494
Unknown,Unknown,False,0,0.0,0,
Unknown,Unknown,True,14544,0.3467559814453125,0,16.76997891628869
Unknown,Unknown,True,3391,0.08084774017333984,0,20.42535964703576
Unknown,Unknown,True,14815,0.35321712493896484,0,69.2216702102816
Unknown,Unknown,True,46970,1.119852066040039,0,42.18154207847784
Unknown,Unknown,True,3620,0.08630752563476562,0,23.944352285904532
Unknown,Unknown,True,1382,0.03294944763183594,0,47.699246182501476
Unknown,Unknown,True,47153,1.1242151260375977,0,51.31218335654558
Unknown,Unknown,True,8310,0.19812583923339844,0,35.06527376275983
Unknown,Unknown,False,0,0.0,0,
Unknown,Unknown,True,7367,0.1756429672241211,0,20.100378605078255
Unknown,Unknown,True,13833,0.3298044204711914,0,130.57995221438944
Unknown,Unknown,True,19156,0.4567146301269531,0,55.24263387622921
Unknown,Unknown,True,100954,2.406930923461914,0,29.944201006721176
Unknown,Unknown,True,19516,0.4652976989746094,0,31.87501817294158
Unknown,Unknown,True,2385,0.056862831115722656,0,57.31001136432106
Unknown,Unknown,False,0,0.0,0,
Unknown,Unknown,True,5137,0.12247562408447266,0,46.83585645861602
Unknown,Unknown,True,3219,0.07674694061279297,0,52.37848499346565
Unknown,Unknown,False,0,0.0,0,
Unknown,Unknown,True,8649,0.2062082290649414,0,32.68473159035453
Unknown,Unknown,True,453,0.010800361633300781,0,5.520604603116698
Unknown,Unknown,True,5424,0.1293182373046875,0,45.31085079603615
Unknown,Unknown,True,5534,0.1319408416748047,0,47.334708166812405
Unknown,Unknown,True,1153,0.027489662170410156,0,33.25265586251545
Unknown,Unknown,True,15585,0.37157535552978516,0,136.53133457978848
Unknown,Unknown,False,0,0.0,0,
Unknown,Unknown,True,542,0.012922286987304688,0,82.36950829652746
Unknown,Unknown,True,17880,0.42629241943359375,0,104.67235846129547
Unknown,Unknown,True,26465,0.6309747695922852,0,22.60512500216901
Unknown,Unknown,True,944,0.0225067138671875,0,22.316941054608684
Unknown,Unknown,True,551,0.013136863708496094,0,72.62237131727281
Unknown,Unknown,True,94,0.0022411346435546875,0,172.54479443025846
Unknown,Unknown,True,8564,0.20418167114257812,0,58.51875199113088
Unknown,Unknown,True,406,0.009679794311523438,0,10.69715484233521
Unknown,Unknown,True,8954,0.21347999572753906,0,16.619465987321764
Unknown,Unknown,False,0,0.0,0,
Unknown,Unknown,True,8877,0.21164417266845703,0,53.565664937057605
Unknown,Unknown,True,3721,0.0887155532836914,0,25.28510997679484
Unknown,Unknown,True,889,0.021195411682128906,0,58.34104884484611
Unknown,Unknown,True,37112,0.8848190307617188,0,104.19597482475014
Unknown,Unknown,True,2593,0.061821937561035156,0,17.091290195268325
Unknown,Unknown,True,520,0.01239776611328125,0,114.92776589892387
Unknown,Unknown,True,4554,0.10857582092285156,0,37.86127906027584
Unknown,Unknown,True,44914,1.0708332061767578,0,32.81616492667845
Unknown,Unknown,True,2531,0.06034374237060547,0,20.442587047034632
Unknown,Unknown,True,2504,0.05970001220703125,0,103.55331131559325
Unknown,Unknown,True,372,0.008869171142578125,0,42.61820661606496
Unknown,Unknown,True,10231,0.2439260482788086,0,8.346072051954673
Unknown,Unknown,True,3231,0.07703304290771484,0,74.3492556493492
Unknown,Unknown,True,8859,0.21121501922607422,0,110.30297074306782
Unknown,Unknown,True,17085,0.40733814239501953,0,16.55989213915829
Unknown,Unknown,False,0,0.0,0,
Unknown,Unknown,True,2387,0.05691051483154297,0,31.902869921592156
Unknown,Unknown,False,0,0.0,0,
Unknown,Unknown,True,3843,0.09162425994873047,0,21.56436350184395
Unknown,Unknown,True,642,0.015306472778320312,0,53.026562108881556
Unknown,Unknown,True,309,0.007367134094238281,0,153.84631663811223
Unknown,Unknown,True,45793,1.0917901992797852,0,6.888425723309978
Unknown,Unknown,False,0,0.0,0,
Unknown,Unknown,True,1802,0.04296302795410156,0,4.801830440411931
Unknown,Unknown,False,0,0.0,0,
Unknown,Unknown,True,1371,0.03268718719482422,0,114.7116512476809
Unknown,Unknown,True,607,0.014472007751464844,0,4.0636306373207125
Unknown,Unknown,True,7348,0.17518997192382812,0,142.6684721318825
Unknown,Unknown,True,219,0.005221366882324219,0,67.02213587235141
Unknown,Unknown,True,570,0.013589859008789062,0,74.23721240704218
Unknown,Unknown,True,2474,0.05898475646972656,0,15.92300270283773
Unknown,Unknown,True,13046,0.31104087829589844,0,42.42159099796308
Unknown,Unknown,True,23115,0.5511045455932617,0,65.7893410237429
Unknown,Unknown,True,16097,0.38378238677978516,0,73.75257918229109
Unknown,Unknown,True,46938,1.119089126586914,0,22.981568688018836
Unknown,Unknown,True,4703,0.11212825775146484,0,29.573653014322907
Unknown,Unknown,True,14703,0.35054683685302734,0,47.849688279857936
Unknown,Unknown,True,46208,1.1016845703125,0,54.83488540643809
Unknown,Unknown,True,6954,0.16579627990722656,0,16.89163571826845
Unknown,Unknown,False,0,0.0,0,
Unknown,Unknown,True,1983,0.047278404235839844,0,16.909034332087007
Unknown,Unknown,True,2986,0.07119178771972656,0,63.62191190204515
Unknown,Unknown,True,91804,2.1887779235839844,0,88.83841102634693
Unknown,Unknown,True,810,0.019311904907226562,0,132.38643709361793
Unknown,Unknown,False,0,0.0,0,
Unknown,Unknown,True,4244,0.10118484497070312,0,34.255843823056274
Unknown,Unknown,True,9943,0.2370595932006836,0,61.69180078512757
Unknown,Unknown,True,204,0.004863739013671875,0,8.429226780251941
Unknown,Unknown,False,0,0.0,0,
Unknown,Unknown,True,8873,0.2115488052368164,0,18.32265683569187
Unknown,Unknown,False,0,0.0,0,
Unknown,Unknown,True,89,0.0021219253540039062,0,78.14234690977854
Unknown,Unknown,True,1426,0.03399848937988281,0,6.467851704436276
Unknown,Unknown,True,21437,0.5110979080200195,0,34.7001463341315
Unknown,Unknown,True,3219,0.07674694061279297,0,8.464498508320567
Unknown,Unknown,True,219,0.005221366882324219,0,64.70730295930231
Unknown,Unknown,True,17547,0.4183530807495117,0,64.57750607554625
Unknown,Unknown,True,448,0.01068115234375,0,107.35025263895734
Unknown,Unknown,True,8365,0.19943714141845703,0,54.76508037532199
Unknown,Unknown,True,5261,0.12543201446533203,0,110.99158464897678
Unknown,Unknown,False,0,0.0,0,
Unknown,Unknown,True,47906,1.1421680450439453,0,65.66223613081442
Unknown,Unknown,True,24102,0.5746364593505859,0,31.951736351112856
Unknown,Unknown,True,5419,0.12919902801513672,0,120.07162383883886
Unknown,Unknown,True,10561,0.25179386138916016,0,92.1690969645997
Unknown,Unknown,False,0,0.0,0,
Unknown,Unknown,True,40955,0.9764432907104492,0,68.82790436571183
Unknown,Unknown,True,9655,0.2301931381225586,0,43.5111403865754
Unknown,Unknown,True,357,0.008511543273925781,0,47.62230589653128
Unknown,Unknown,True,2594,0.06184577941894531,0,10.967863646851626
Unknown,Unknown,True,19196,0.4576683044433594,0,59.250298712101134
Unknown,Unknown,True,5364,0.12788772583007812,0,15.40518935658058
Unknown,Unknown,True,50701,1.208806037902832,0,79.23578315359156
Unknown,Unknown,False,0,0.0,0,
Unknown,Unknown,True,6530,0.1556873321533203,0,84.55819640801052
Unknown,Unknown,False,0,0.0,0,
Unknown,Unknown,True,42847,1.0215520858764648,0,54.981335340213334
Unknown,Unknown,True,1906,0.04544258117675781,0,5.444312530990341
Unknown,Unknown,True,17750,0.42319297790527344,0,32.22522879930557
Unknown,Unknown,True,42858,1.0218143463134766,0,41.1989370928867
Unknown,Unknown,True,5551,0.13234615325927734,0,45.97112570693286
Unknown,Unknown,True,2379,0.05671977996826172,0,22.104805639424086
Unknown,Unknown,True,26465,0.6309747695922852,0,33.83515289647818
Unknown,Unknown,True,4403,0.10497570037841797,0,74.29456257388652
Unknown,Unknown,True,1088,0.02593994140625,0,25.694831595745445
Unknown,Unknown,True,665,0.015854835510253906,0,132.80786078193938
Unknown,Unknown,True,150,0.0035762786865234375,0,119.92607939381539
Unknown,Unknown,True,26175,0.6240606307983398,0,32.75092164802715
Unknown,Unknown,False,0,0.0,0,
Unknown,Unknown,True,11613,0.27687549591064453,0,86.18696303480692
Unknown,Unknown,True,423,0.010085105895996094,0,18.61160751798952
Unknown,Unknown,False,0,0.0,0,
Unknown,Unknown,False,0,0.0,0,
Unknown,Unknown,False,0,0.0,0,
Unknown,Unknown,True,9786,0.23331642150878906,0,39.92037077371459
Unknown,Unknown,True,9633,0.22966861724853516,0,81.94466830195212
Unknown,Unknown,True,58358,1.3913631439208984,0,104.16478994344372
Unknown,Unknown,False,0,0.0,0,
Unknown,Unknown,True,421,0.010037422180175781,0,40.00937042528995
Unknown,Unknown,False,0,0.0,0,
Unknown,Unknown,False,0,0.0,0,
Unknown,Unknown,True,3832,0.09136199951171875,0,35.79688610363517
Unknown,Unknown,True,2976,0.070953369140625,0,9.892861595431395
Unknown,Unknown,True,3471,0.08275508880615234,0,21.687237574290968
Unknown,Unknown,True,6831,0.16286373138427734,0,129.3472146717784
Unknown,Unknown,True,11741,0.27992725372314453,0,26.139432967267375
Unknown,Unknown,True,3721,0.0887155532836914,0,19.934758004286504
Unknown,Unknown,True,21002,0.5007266998291016,0,39.34174788577278
Unknown,Unknown,True,2452,0.058460235595703125,0,102.51765601814745
Unknown,Unknown,True,24524,0.5846977233886719,0,64.70436873519067
Unknown,Unknown,True,27678,0.6598949432373047,0,30.177806992463676
Unknown,Unknown,True,2387,0.05691051483154297,0,11.602192912049944
Unknown,Unknown,True,374,0.008916854858398438,0,66.53063425253707
Unknown,Unknown,False,0,0.0,0,
Unknown,Unknown,True,719,0.017142295837402344,0,106.73299618868195
Unknown,Unknown,False,0,0.0,0,
Unknown,Unknown,True,1382,0.03294944763183594,0,50.082200468125286
Unknown,Unknown,True,555,0.013232231140136719,0,73.62389876261273
Unknown,Unknown,False,0,0.0,0,
Unknown,Unknown,True,2911,0.06940364837646484,0,9.654693913223513
Unknown,Unknown,True,18287,0.43599605560302734,0,109.36906253793896
Unknown,Unknown,True,378,0.009012222290039062,0,8.994552535792913
Unknown,Unknown,False,0,0.0,0,
Unknown,Unknown,True,204,0.004863739013671875,0,8.426322480877765
Unknown,Unknown,False,0,0.0,0,
Unknown,Unknown,True,11736,0.27980804443359375,0,40.1148240941987
Unknown,Unknown,True,729,0.017380714416503906,0,20.637360779783158
Unknown,Unknown,True,11317,0.2698183059692383,0,24.258066613995737
Unknown,Unknown,True,16737,0.39904117584228516,0,133.9815830002566
Unknown,Unknown,True,11083,0.2642393112182617,0,103.04934091565583
Unknown,Unknown,True,60694,1.4470577239990234,0,11.740096141980473
Unknown,Unknown,True,45924,1.0949134826660156,0,68.25825716761659
Unknown,Unknown,True,1353,0.032258033752441406,0,26.636342347645297
Unknown,Unknown,True,297401,7.090592384338379,0,39.519732656074744
Unknown,Unknown,True,415,0.009894371032714844,0,110.38620327959194
Unknown,Unknown,True,1143,0.027251243591308594,0,21.395635731904424
Unknown,Unknown,True,15820,0.3771781921386719,0,25.5710284113825
Unknown,Unknown,True,42985,1.0248422622680664,0,58.01323773263899
Unknown,Unknown,True,4364,0.10404586791992188,0,33.98991584189584
Unknown,Unknown,True,2897,0.06906986236572266,0,44.71382758253612
Unknown,Unknown,False,0,0.0,0,
Unknown,Unknown,True,12943,0.30858516693115234,0,104.44553547371986
Unknown,Unknown,True,14291,0.34072399139404297,0,61.31758478477688
Unknown,Unknown,False,0,0.0,0,
Unknown,Unknown,True,3872,0.092315673828125,0,112.39203108154621
Unknown,Unknown,True,3134,0.07472038269042969,0,40.22054786494211
Unknown,Unknown,True,3218,0.07672309875488281,0,8.878618418363038
Unknown,Unknown,False,0,0.0,0,
Unknown,Unknown,False,0,0.0,0,
Unknown,Unknown,True,40976,0.9769439697265625,0,24.135047484035482
Unknown,Unknown,True,28610,0.6821155548095703,0,100.61044676118868
Unknown,Unknown,True,2191,0.052237510681152344,0,28.50690717971512
Unknown,Unknown,True,177,0.004220008850097656,0,119.32892112084753
Unknown,Unknown,True,188,0.004482269287109375,0,123.25125760026829
Unknown,Unknown,True,14065,0.33533573150634766,0,39.79400723027232
Unknown,Unknown,True,8310,0.19812583923339844,0,83.69177923140624
Unknown,Unknown,True,8588,0.20475387573242188,0,133.42029737291196
Unknown,Unknown,True,43596,1.0394096374511719,0,60.77584266374125
Unknown,Unknown,True,11478,0.27365684509277344,0,40.71674003707903
Unknown,Unknown,False,0,0.0,0,
Unknown,Unknown,False,0,0.0,0,
Unknown,Unknown,True,332,0.007915496826171875,0,57.137422601306326
Unknown,Unknown,True,4428,0.10557174682617188,0,51.94962886768427
Unknown,Unknown,True,23548,0.5614280700683594,0,98.85560491606499
Unknown,Unknown,True,664,0.01583099365234375,0,135.4475419075802
Unknown,Unknown,True,1549,0.03693103790283203,0,10.12417584874564
Unknown,Unknown,True,12965,0.3091096878051758,0,23.30885392476026
Unknown,Unknown,True,48512,1.1566162109375,0,22.93596499215593
Unknown,Unknown,False,0,0.0,0,
Unknown,Unknown,True,5322,0.12688636779785156,0,62.258340320441114
Unknown,Unknown,False,0,0.0,0,
Unknown,Unknown,True,42437,1.0117769241333008,0,88.07548067824158
Unknown,Unknown,True,24615,0.5868673324584961,0,13.769500931106577
Unknown,Unknown,False,0,0.0,0,
Unknown,Unknown,True,9113,0.2172708511352539,0,52.86299027142503
Unknown,Unknown,False,0,0.0,0,
Unknown,Unknown,True,8596,0.20494461059570312,0,42.37854496673039
Unknown,Unknown,True,17838,0.4252910614013672,0,111.30828586501895
Unknown,Unknown,True,9224,0.21991729736328125,0,103.65594495529395
Unknown,Unknown,False,0,0.0,0,
Unknown,Unknown,True,11075,0.26404857635498047,0,18.31208304935519
Unknown,Unknown,True,8334,0.1986980438232422,0,62.84623830525733
Unknown,Unknown,False,0,0.0,0,
Unknown,Unknown,True,5710,0.1361370086669922,0,31.974092963243468
Unknown,Unknown,False,0,0.0,0,
Unknown,Unknown,True,4262,0.10161399841308594,0,8.883736742684269
Unknown,Unknown,False,0,0.0,0,
Unknown,Unknown,True,667,0.01590251922607422,0,59.859695410148476
Unknown,Unknown,False,0,0.0,0,
Unknown,Unknown,False,0,0.0,0,
Unknown,Unknown,True,1882,0.04487037658691406,0,126.36433860344317
Unknown,Unknown,False,0,0.0,0,
Unknown,Unknown,True,8226,0.1961231231689453,0,50.23102093202292
Unknown,Unknown,True,20151,0.4804372787475586,0,32.39307016362741
Unknown,Unknown,True,6554,0.15625953674316406,0,103.80226906199711
Unknown,Unknown,True,26359,0.6284475326538086,0,20.81991357973618
Unknown,Unknown,True,28,0.000667572021484375,0,133.3200502549563
Unknown,Unknown,True,1816,0.04329681396484375,0,118.59971726511716
Unknown,Unknown,True,545,0.012993812561035156,0,11.268847024205725
Unknown,Unknown,True,7594,0.18105506896972656,0,9.620781338151575
Unknown,Unknown,True,479,0.011420249938964844,0,75.28950386085828
Unknown,Unknown,True,9097,0.2168893814086914,0,29.021698084370737
Unknown,Unknown,False,0,0.0,0,
Unknown,Unknown,False,0,0.0,0,
Unknown,Unknown,True,1853,0.04417896270751953,0,99.39605162625976
Unknown,Unknown,False,0,0.0,0,
Unknown,Unknown,True,89070,2.123594284057617,0,61.1770751458586
Unknown,Unknown,True,106,0.0025272369384765625,0,47.67708285309459
Unknown,Unknown,False,0,0.0,0,
Unknown,Unknown,True,8960,0.213623046875,0,85.39488866178661
Unknown,Unknown,True,416,0.009918212890625,0,37.285963632204655
Unknown,Unknown,True,77760,1.85394287109375,0,27.227607242364286
Unknown,Unknown,True,6131,0.14617443084716797,0,141.95926571200687
Unknown,Unknown,False,0,0.0,0,
Unknown,Unknown,False,0,0.0,0,
Unknown,Unknown,False,0,0.0,0,
Unknown,Unknown,True,73260,1.7466545104980469,0,70.72064736292754
Unknown,Unknown,True,15664,0.3734588623046875,0,84.29021578516287
Unknown,Unknown,True,622,0.014829635620117188,0,16.588903158206655
Unknown,Unknown,False,0,0.0,0,
Unknown,Unknown,True,9420,0.22459030151367188,0,98.98294306885576
Unknown,Unknown,False,0,0.0,0,
Unknown,Unknown,True,106554,2.540445327758789,0,46.101356247789035
Unknown,Unknown,True,5068,0.12083053588867188,0,102.28700779670814
Unknown,Unknown,True,348,0.008296966552734375,0,26.3314261079938
Unknown,Unknown,True,6897,0.16443729400634766,0,52.62654983514326
Unknown,Unknown,True,2412,0.057506561279296875,0,18.544631808225752
Unknown,Unknown,False,0,0.0,0,
Unknown,Unknown,True,2261,0.05390644073486328,0,79.56210159489929
Unknown,Unknown,True,4683,0.11165142059326172,0,15.301900403010901
Unknown,Unknown,True,44599,1.0633230209350586,0,100.23417975994808
Unknown,Unknown,False,0,0.0,0,
Unknown,Unknown,True,3566,0.08502006530761719,0,12.330424470714558
Unknown,Unknown,True,24440,0.5826950073242188,0,106.18157077721737
Unknown,Unknown,False,0,0.0,0,
Unknown,Unknown,True,5414,0.12907981872558594,0,6.165688344967811
Unknown,Unknown,False,0,0.0,0,
Unknown,Unknown,True,12482,0.2975940704345703,0,148.2248829488996
Unknown,Unknown,True,9326,0.2223491668701172,0,60.72849566812264
Unknown,Unknown,True,4726,0.11267662048339844,0,31.340816803297702
Unknown,Unknown,True,4125,0.09834766387939453,0,83.44326441891359
Unknown,Unknown,True,6032,0.1438140869140625,0,91.70386771322389
Unknown,Unknown,False,0,0.0,0,
Unknown,Unknown,True,13011,0.31020641326904297,0,74.98585759954467
Unknown,Unknown,True,14754,0.3517627716064453,0,69.53187152891198
Unknown,Unknown,False,0,0.0,0,
Unknown,Unknown,True,3043,0.07255077362060547,0,60.24116631797661
Unknown,Unknown,True,32468,0.7740974426269531,0,13.2861886553106
Unknown,Unknown,True,1210,0.028848648071289062,0,14.972245851099016
Unknown,Unknown,True,4582,0.10924339294433594,0,72.41817168323405
Unknown,Unknown,True,8877,0.21164417266845703,0,33.145338325363845
Unknown,Unknown,True,9278,0.2212047576904297,0,71.52919729847765
Unknown,Unknown,True,3440,0.0820159912109375,0,30.26107707349463
Unknown,Unknown,True,4472,0.10662078857421875,0,42.077820375229734
Unknown,Unknown,False,0,0.0,0,
Unknown,Unknown,True,1626,0.03876686096191406,0,15.295388437665487
Unknown,Unknown,True,69159,1.648879051208496,0,26.308021739692627
Unknown,Unknown,True,15247,0.36351680755615234,0,53.64044336494308
Unknown,Unknown,True,7483,0.17840862274169922,0,12.1051953735259
Unknown,Unknown,False,0,0.0,0,
Unknown,Unknown,True,8337,0.19876956939697266,0,19.28795096610795
Unknown,Unknown,True,4987,0.11889934539794922,0,64.06257733132432
Unknown,Unknown,True,74820,1.7838478088378906,0,49.76461062626329
Unknown,Unknown,True,533,0.012707710266113281,0,98.1259368630981
Unknown,Unknown,True,10883,0.25947093963623047,0,21.230272038155142
Unknown,Unknown,True,252,0.006008148193359375,0,8.575887772475532
Unknown,Unknown,True,4393,0.1047372817993164,0,83.88546727212538
Unknown,Unknown,True,8708,0.20761489868164062,0,55.6294098730233
Unknown,Unknown,True,4095,0.09763240814208984,0,110.83523005533618
Unknown,Unknown,True,6666,0.15892982482910156,0,79.41117765347497
Unknown,Unknown,True,45319,1.080489158630371,0,30.20042481138298
Unknown,Unknown,True,20649,0.4923105239868164,0,85.0810550744158
Unknown,Unknown,True,7713,0.18389225006103516,0,89.68182480673697
Unknown,Unknown,True,39061,0.9312868118286133,0,27.744554636094637
Unknown,Unknown,False,0,0.0,0,
Unknown,Unknown,True,371,0.008845329284667969,0,20.268779179235153
Unknown,Unknown,True,31950,0.7617473602294922,0,100.38301370058788
Unknown,Unknown,True,25780,0.6146430969238281,0,46.455244606892975
Unknown,Unknown,False,0,0.0,0,
Unknown,Unknown,True,70490,1.680612564086914,0,57.15725431466067
Unknown,Unknown,True,1827,0.04355907440185547,0,51.60941230120676
Unknown,Unknown,False,0,0.0,0,
Unknown,Unknown,True,65789,1.5685319900512695,0,15.29202950532914
Unknown,Unknown,True,10231,0.2439260482788086,0,8.253231293104147
Unknown,Unknown,True,717,0.01709461212158203,0,14.340637500163712
Unknown,Unknown,True,16369,0.39026737213134766,0,32.14715293197488
Unknown,Unknown,False,0,0.0,0,
Unknown,Unknown,True,55071,1.3129949569702148,0,76.85552988753084
Unknown,Unknown,True,237,0.005650520324707031,0,64.90531025342891
Unknown,Unknown,True,109,0.0025987625122070312,0,163.38375090764038
Unknown,Unknown,False,0,0.0,0,
Unknown,Unknown,True,5114,0.12192726135253906,0,72.18372252811392
Unknown,Unknown,True,10292,0.24538040161132812,0,38.94218809337246
Unknown,Unknown,True,11170,0.2663135528564453,0,41.61339447428657
Unknown,Unknown,False,0,0.0,0,
Unknown,Unknown,True,352,0.008392333984375,0,7.467403466585431
Unknown,Unknown,True,24079,0.5740880966186523,0,32.15344095910527
Unknown,Unknown,True,2530,0.06031990051269531,0,59.1427164256606
Unknown,Unknown,True,11196,0.2669334411621094,0,48.89773088878256
Unknown,Unknown,True,434,0.010347366333007812,0,33.62278507126602
Unknown,Unknown,False,0,0.0,0,
Unknown,Unknown,False,0,0.0,0,
Unknown,Unknown,False,0,0.0,0,
Unknown,Unknown,True,48064,1.14593505859375,0,12.451617115685812
Unknown,Unknown,True,1382,0.03294944763183594,0,41.381142245554926
Unknown,Unknown,False,0,0.0,0,
Unknown,Unknown,False,0,0.0,0,
Unknown,Unknown,True,26312,0.6273269653320312,0,53.28541658361337
Unknown,Unknown,True,215,0.005125999450683594,0,125.38732833761571
Unknown,Unknown,True,3353,0.0799417495727539,0,20.526463391279957
Unknown,Unknown,True,723,0.01723766326904297,0,113.28596251138732
Unknown,Unknown,True,42985,1.0248422622680664,0,14.94852594299438
Unknown,Unknown,True,5427,0.12938976287841797,0,85.47700999598756
Unknown,Unknown,False,0,0.0,0,
Unknown,Unknown,False,0,0.0,0,
Unknown,Unknown,True,3592,0.08563995361328125,0,5.186008777607497
Unknown,Unknown,True,86214,2.055501937866211,0,35.72204209522956
Unknown,Unknown,True,7395,0.17631053924560547,0,66.34869290038031
Unknown,Unknown,True,5589,0.13325214385986328,0,81.69225612229913
Unknown,Unknown,True,3059,0.07293224334716797,0,29.556792967162313
Unknown,Unknown,True,296002,7.05723762512207,0,36.31095928101547
Unknown,Unknown,True,15158,0.36139488220214844,0,35.50919702713025
Unknown,Unknown,True,6013,0.14336109161376953,0,76.36720470189132
Unknown,Unknown,False,0,0.0,0,
Unknown,Unknown,True,136,0.00324249267578125,0,103.5700990649474
Unknown,Unknown,True,30294,0.7222652435302734,0,29.48114070124662
Unknown,Unknown,True,11545,0.2752542495727539,0,14.594332095201906
Unknown,Unknown,True,108205,2.579808235168457,0,58.86563138042996
Unknown,Unknown,True,3869,0.09224414825439453,0,86.22314666528943
Unknown,Unknown,True,627,0.014948844909667969,0,25.456868943063835
Unknown,Unknown,False,0,0.0,0,
Unknown,Unknown,True,23149,0.551915168762207,0,105.10540255767934
Unknown,Unknown,True,9095,0.2168416976928711,0,34.771649571997784
Unknown,Unknown,True,19488,0.464630126953125,0,59.4300246473701
Unknown,Unknown,False,0,0.0,0,
Unknown,Unknown,True,4183,0.0997304916381836,0,38.98666353235193
Unknown,Unknown,True,36571,0.8719205856323242,0,96.67855802806687
Unknown,Unknown,True,41364,0.9861946105957031,0,56.08505249539714
Unknown,Unknown,True,10883,0.25947093963623047,0,35.792338366278635
Unknown,Unknown,True,4202,0.10018348693847656,0,110.63662619806823
Unknown,Unknown,True,522,0.012445449829101562,0,81.44657034896005
Unknown,Unknown,True,8519,0.2031087875366211,0,37.63122790090759
Unknown,Unknown,True,9766,0.23283958435058594,0,37.30770455154041
Unknown,Unknown,True,4102,0.09779930114746094,0,37.40278665649553
Unknown,Unknown,True,328,0.00782012939453125,0,144.67985730087514
Unknown,Unknown,True,4908,0.11701583862304688,0,53.31025240265351
Unknown,Unknown,False,0,0.0,0,
Unknown,Unknown,False,0,0.0,0,
Unknown,Unknown,True,17959,0.4281759262084961,0,112.10763030730924
Unknown,Unknown,True,5133,0.12238025665283203,0,79.63698900324891
Unknown,Unknown,True,78,0.0018596649169921875,0,158.728829645177
Unknown,Unknown,True,6453,0.15385150909423828,0,83.68175725711922
Unknown,Unknown,True,103,0.0024557113647460938,0,124.32158034681888
Unknown,Unknown,False,0,0.0,0,
Unknown,Unknown,True,1626,0.03876686096191406,0,9.172225690063545
Unknown,Unknown,False,0,0.0,0,
Unknown,Unknown,True,116,0.002765655517578125,0,143.8270312367179
Unknown,Unknown,True,26823,0.6395101547241211,0,113.35058656538385
Unknown,Unknown,True,8740,0.20837783813476562,0,32.99098322354073
Unknown,Unknown,False,0,0.0,0,
Unknown,Unknown,True,56344,1.3433456420898438,0,65.11649779948856
Unknown,Unknown,True,5357,0.12772083282470703,0,62.982082716830256
Unknown,Unknown,False,0,0.0,0,
Unknown,Unknown,False,0,0.0,0,
Unknown,Unknown,True,3246,0.07739067077636719,0,16.720837615558843
Unknown,Unknown,True,1603,0.03821849822998047,0,70.86584209791695
Unknown,Unknown,False,0,0.0,0,
Unknown,Unknown,True,8384,0.19989013671875,0,62.178442474715794
Unknown,Unknown,True,2431,0.057959556579589844,0,5.823122784316065
Unknown,Unknown,True,46259,1.102900505065918,0,59.76832602322299
Unknown,Unknown,True,9008,0.2147674560546875,0,71.83495686350268
Unknown,Unknown,True,3870,0.09226799011230469,0,109.2019911720418
Unknown,Unknown,True,85379,2.0355939865112305,0,45.987795507058784
Unknown,Unknown,True,1773,0.04227161407470703,0,122.30300524980629
Unknown,Unknown,True,97,0.0023126602172851562,0,1.8811898114550047
Unknown,Unknown,True,14128,0.3368377685546875,0,99.7991762034625
Unknown,Unknown,True,330,0.007867813110351562,0,73.34905873686118
Unknown,Unknown,True,4688,0.1117706298828125,0,34.185400943072665
Unknown,Unknown,True,775,0.018477439880371094,0,56.76879402863563
Unknown,Unknown,True,1353,0.032258033752441406,0,35.78240329564803
Unknown,Unknown,False,0,0.0,0,
Unknown,Unknown,False,0,0.0,0,
Unknown,Unknown,True,372,0.008869171142578125,0,43.00193405572457
Unknown,Unknown,False,0,0.0,0,
